Date,Open,High,Low,Close,Volume,sma_50,sma_200,rsi_14,macd,macd_signal,macd_hist,bb_mid,bb_upper,bb_lower,bb_pct_b,bb_bandwidth
2023-12-12,45.912927610504205,47.52824471452688,45.912927610504205,47.51927185058594,372387000,,,,,,,,,,,
2023-12-13,47.49135487990882,48.45356620387965,47.47041566072205,47.94902801513672,447792000,,,,,,,,,,,
2023-12-14,48.25015142544688,48.52934100326086,47.28495045380948,48.21026611328125,391232000,,,,,,,,,,,
2023-12-15,48.05471535600333,49.2612174369844,47.98092791403106,48.74870300292969,479948000,,,,,,,,,,,
2023-12-18,49.25723605827901,50.28724783914224,49.00795855556237,49.93227767944336,412587000,,,,,,,,,,,
2023-12-19,49.281159865930675,49.55636317420033,48.75368939419547,49.46063995361328,464444000,,,,,,,,,,,
2023-12-20,49.511490749608875,49.85449831929735,47.95899143016388,47.971954345703125,397894000,,,,,,,,,,,
2023-12-21,48.66993565248791,48.953115280045736,48.27906644393615,48.848419189453125,300425000,,,,,,,,,,,
2023-12-22,49.05281623744541,49.24027260571634,48.32691966505345,48.688873291015625,252507000,,,,,,,,,,,
2023-12-26,48.82647939940057,49.45665286845571,48.81850309781851,49.13658142089844,244200000,,,,,,,,,,,
2023-12-27,49.36791528650649,49.536425600159234,48.94314392704513,49.27418518066406,233648000,,,,,,,,,,,
2023-12-28,49.49953204501984,49.73983287122963,49.26919684127221,49.37887954711914,246587000,,,,,,,,,,,
2023-12-29,49.66903891502132,49.85250906748791,48.61010784761711,49.37887954711914,389293000,,,,,,,,,,,
2024-01-02,49.10167999879026,49.15253129584884,47.457447488056715,48.02878952026367,411254000,,,,,,,,,,,
2024-01-03,47.34776930861543,48.04474670855863,47.183245244517686,47.43152618408203,320896000,,,49.454772318495266,,,,,,,,
2024-01-04,47.62894825426151,48.35983153595327,47.3706979086473,47.859283447265625,306535000,,,52.19172545472719,,,,,,,,
2024-01-05,48.321941715696894,49.40380504311915,48.166390532700504,48.95510482788086,415039000,,,58.405433789929255,,,,,,,,
2024-01-08,49.368913779629096,52.12392933182719,49.3360082047019,52.10198974609375,642510000,,,70.33095043805129,,,,,,,,
2024-01-09,52.24956456447165,54.16800408255062,51.54061697774943,52.986427307128906,773100000,,,72.70000052587565,,,,,,,,
2024-01-10,53.4610522035269,54.442205820352854,53.334416522190715,54.192928314208984,533796000,,,75.56620239468918,,,,49.302700424194335,52.823420543511276,45.78198030487739,1.1944925646295634,0.1428205793607693
2024-01-11,54.84004936433209,55.186046630349715,53.40520900250216,54.66355895996094,596759000,,,76.59831814389156,,,,49.65991477966308,53.78262009634763,45.53720946297854,1.1068399019508088,0.166037551009769
2024-01-12,54.46213984268147,54.8111305781565,54.172980872190166,54.5518798828125,352994000,,,75.78028674508536,,,,49.990057373046874,54.546542905805026,45.43357184028872,1.0005856462145117,0.18229567126741775
2024-01-16,54.85900246020817,56.67074896213712,54.74134344349828,56.219058990478516,449580000,,,79.32925416699473,,,,50.390497016906735,55.610335483857746,45.170658549955725,1.0583086536561288,0.20717551030305098
2024-01-17,56.18415935716655,56.30780154944078,54.5818050801591,55.89101028442383,474394000,,,76.94019422137538,,,,50.747612380981444,56.42639920673822,45.06882555522467,0.9528606250998829,0.2238050839958334
2024-01-18,57.094517089822695,57.43353464294008,55.94484937824919,56.941959381103516,491650000,,,79.1106305152714,,,,51.098096466064455,57.36693178478839,44.82926114734052,0.9661043573424591,0.24536472989310787
2024-01-19,57.82140334356974,59.32803795704181,57.05961145486245,59.31906509399414,543501000,,,83.00665567773102,2.408864799055472,,,51.591017723083496,58.75390981085382,44.42812563531317,1.0394502162126138,0.27767981342090925
2024-01-22,59.87545679775879,60.15664330232137,58.89928603895681,59.481597900390625,452955000,,,83.23686812671087,2.6382544892113273,,,52.16649990081787,59.9005176971826,44.432482104453136,0.9729170653713208,0.29651281228639526
2024-01-23,59.39783691409728,59.73685443495751,58.41568304614902,59.6999626159668,294654000,,,83.55912412628282,2.8053295857131744,,,52.70907707214356,60.94231164318506,44.47584250110206,0.9245527977796275,0.31240291154301836
2024-01-24,60.12971710051197,62.667360005652704,59.76477374613349,61.18465805053711,560271000,,,85.58781252214287,3.0226965525596867,,,53.33386631011963,62.12928511937098,44.53844750086829,0.9463000518042259,0.3298249093027967
2024-01-25,62.169802358134476,62.53773920716308,60.67413746929077,61.43892288208008,482777000,,,85.90849943902657,3.1788348572769394,,,53.948983383178714,63.19348792882831,44.704478837529116,0.9051022670774758,0.34271283593944546
2024-01-26,60.78382030493906,61.60444363196895,60.39794153183259,60.8546142578125,390309000,,,81.42468030336995,3.2183278854497175,,,54.528004837036136,63.9771635735015,45.07884610057077,0.8347710413817724,0.34658002854516223
2024-01-29,61.055035142050976,62.30840232360706,60.73097744998884,62.28447341918945,348733000,,,83.67070731705438,3.326656454464718,,,55.17328453063965,64.88672470484906,45.45984435643024,0.8660489363712272,0.3521066493264579
2024-01-30,62.71822182118426,63.30950657239777,62.0800682128746,62.59258270263672,410735000,,,84.11638834145147,3.398197168418541,,,55.83396968841553,65.67770230148027,45.99023707535079,0.8432952356533469,0.3526072986749184
2024-01-31,61.26243177102061,62.089038263544516,60.524572564425924,61.34918212890625,453795000,,,75.19675810951156,3.3163330419204655,3.082729477589385,0.23360356433108054,56.49998931884765,65.93524709626513,47.06473154143018,0.7569719304153378,0.33399148888936153
2024-02-01,61.92052952927185,63.00837994825412,61.471833071842404,62.844852447509766,369146000,,,78.19236183080241,3.333714244103497,3.1329264308922076,0.20078781321128947,57.27065563201904,66.11669632603909,48.42461493799899,0.8150673283279659,0.3089205316893345
2024-02-02,63.78910149469645,66.40751128682628,63.50592191536747,65.96878814697266,476578000,,,82.8510558992263,3.5585437974051572,3.218049904194798,0.3404938932103594,58.176130867004396,66.6843393109202,49.66792242308859,0.9579493633316408,0.2924982571758267
2024-02-05,68.02783445051155,69.2961616511714,67.010785504722,69.13163757324219,680078000,,,86.09084911392787,3.946446178897695,3.3637291591353775,0.5827170197623173,59.18495750427246,67.86354306783748,50.50637194070744,1.0730588237055874,0.29326997701868857
2024-02-06,69.42876454653677,69.55240673067756,66.10839412447636,68.02583312988281,683111000,,,80.37371418446432,4.117172235253243,3.514417774358951,0.6027544608942916,59.981149673461914,68.83443660068997,51.127862746233866,0.9543331489505712,0.2952023085727916
2024-02-07,68.12153874968051,70.01704528849567,67.40461510087938,69.89639282226562,495575000,,,82.49178835044685,4.353231061303035,3.682180431747768,0.6710506295552667,60.82664794921875,70.06777348792667,51.585522410510826,0.9907272839794681,0.3038512181839412
2024-02-08,69.87148269785355,70.5894031052992,69.25427593719057,69.43973541259766,414422000,,,80.21581758729621,4.452139452892162,3.8361722359766466,0.6159672169155153,61.588988304138184,71.02877420459086,52.14920240368551,0.9158329008332169,0.3065413529391719
2024-02-09,70.32914067903327,71.97636644817582,70.00906929428511,71.92452239990234,436637000,,,82.9692426425035,4.677111776310873,4.004360144043492,0.6727516322673814,62.452036476135255,72.3466050845354,52.557467867735106,0.9786709910589371,0.3168693662113372
2024-02-12,72.39017224345903,74.39536169687851,71.04407549243956,72.03919219970703,613710000,,,83.08623032514346,4.8092191729759435,4.165331949829983,0.6438872231459607,63.32640209197998,73.36356519514067,53.28923898881929,0.9340265281224437,0.3169977378023771
2024-02-13,70.19654512895808,73.23772604754565,69.4188005504822,71.91954803466797,602580000,,,82.44984061396718,4.84837193870213,4.301939947604412,0.5464319910977178,64.11142654418946,74.2576157718334,53.96523731654551,0.8847809909362219,0.31651734408531934
2024-02-14,72.99044348203591,74.0214517262709,71.73009661007124,73.6864242553711,504917000,,,84.35553829275179,4.964742471464469,4.434500452376423,0.5302420190880452,65.00119724273682,75.22858477798975,54.773809707483885,0.9246063319052416,0.3146830510539783
2024-02-15,73.655504112388,73.76119293905592,72.19074811074873,72.447998046875,420122000,,,77.96521931703724,4.90054586971489,4.527709535844117,0.3728363338707723,65.7764991760254,75.79127770110667,55.76172065094413,0.8330826964441266,0.3045093202142176
2024-02-16,73.88585465278437,74.18698384135303,72.29147662486973,72.40315246582031,495327000,,,77.73557117607146,4.790825285015387,4.580332685678371,0.21049259933701592,66.4307035446167,76.38191810680796,56.47948898242545,0.8000864308511341,0.29959684396561426
2024-02-20,71.7390740272432,71.74805069531128,67.53825202114858,69.25128936767578,704833000,,,63.56433034398748,4.398834889914326,4.544033126525562,-0.1451982366112361,66.91918811798095,76.40630198760607,57.43207424835583,0.6229088889278285,0.2835394193037427
2024-02-21,67.8094614044966,68.68891622407938,66.05654635382845,67.27700805664062,673755000,,,56.60354718366707,3.8840982092264795,4.412046143065746,-0.5279479338392665,67.29804039001465,76.18811221486776,58.40796856516154,0.4988170886699011,0.26420002048595087
2024-02-22,74.80817230671141,78.34790791274914,74.00549852714776,78.31101989746094,865100000,,,73.84343495235242,4.316757330357262,4.3929883805240495,-0.0762310501667871,68.15435848236083,77.79192607747989,58.51679088724179,1.0269307485969772,0.2828158846983606
2024-02-23,80.5565313325956,82.15589232862996,77.34583537657274,78.5892333984375,829388000,58.91366325378418,,74.1225804377541,4.628735128126152,4.44013773004447,0.18859739808168197,69.01187400817871,79.14593960323697,58.87780841312045,0.9725329286860479,0.2936904914031825
2024-02-26,79.46967086730548,80.41294376465017,78.27812461798902,78.86343383789062,503973000,59.54054649353027,,74.41241740968469,4.842286598720534,4.5205675037796835,0.3217190949408506,69.91231498718261,80.1864854425992,59.63814453176602,0.9356127285190668,0.29391589900292137
2024-02-27,79.1515685887392,79.25028909109805,76.93898781736908,78.4735336303711,391705000,60.15103660583496,,73.1576518861492,4.923313100737701,4.601116623171287,0.3221964775664139,70.7217679977417,81.01544670730696,60.42808928817642,0.8765303858486554,0.2911035456549664
2024-02-28,77.39567785845682,78.7048791588161,76.90210568945557,77.43855285644531,393110000,60.73560234069824,,69.79335185850121,4.848126701825578,4.650518638902145,0.19760806292343247,71.46406650543213,81.4421475901333,61.485985420730955,0.799380527192424,0.2792475036091801
2024-02-29,78.8654237167532,79.75883042270817,78.1235705564048,78.88336944580078,507289000,61.33829566955566,,71.74665628834904,4.849226696109952,4.690260250343707,0.15896644576624475,72.34077587127686,81.67001265240356,63.01153909015017,0.8506499903486086,0.25792470895604247
2024-03-01,79.76878610572811,82.0621417492055,79.20541661950624,82.04119873046875,479135000,61.98047409057617,,75.47888480997132,5.046733281906157,4.761554856656197,0.28517842524995984,73.3005931854248,82.47309503647892,64.12809133437068,0.9764570063313457,0.25027087646755897
2024-03-04,83.88685110747949,87.44155024884783,83.47704345209779,84.99065399169922,615616000,62.69107437133789,,78.35492714734967,5.3792464593443015,4.885093177193818,0.49415328215048326,74.25168647766114,84.10546279498983,64.39791016033244,1.0449163431461652,0.2654155557879008
2024-03-05,85.02755456111447,85.85220668028344,83.17982622827054,85.7195816040039,520639000,63.446026916503904,,79.01015384565076,5.63660859923786,5.035396261602626,0.6012123376352339,75.08108367919922,85.82374873072634,64.33841862767211,0.9951517092721968,0.2861616941339728
2024-03-06,87.77174876379644,89.46890568732071,86.78256472628446,88.44781494140625,582520000,64.23801483154297,,81.2927274920911,5.991647595024318,5.226646528286965,0.7650010667373532,76.1021827697754,87.80743235543937,64.39693318411142,1.0273545036900018,0.3076192865866868
2024-03-07,89.90165539673119,92.5032385135836,89.34723648723485,92.405517578125,608119000,65.11234771728516,,84.00934304136325,6.517245336589269,5.4847662899474265,1.0324790466418428,77.22763900756836,90.5469347956363,63.90834321950041,1.0697703096343014,0.34493598300377015
2024-03-08,94.86748361493765,97.12305284353101,86.26002420485035,87.27912139892578,1142269000,65.8751985168457,,69.85827398785517,6.445824551878246,5.676977942333591,0.7688466095446556,78.11960830688477,91.62136280540068,64.61785380836886,0.8391971426027561,0.34566877103314875
2024-03-11,86.18325727083518,88.54452056286361,83.92669117198699,85.53012084960938,678364000,66.6003172302246,,65.78670092461445,6.176889995228947,5.7769603529126625,0.3999296423162848,78.79988822937011,92.35546172504507,65.24431473369515,0.748245956631293,0.3440505767271523
2024-03-12,87.79864556262245,91.69852054360098,85.90504309917876,91.65165710449219,668075000,67.44577278137207,,71.94905957330667,6.384122052429078,5.898392692815945,0.48572935961313224,79.78051147460937,94.0563398387724,65.50468311044634,0.9157778213306084,0.3578775843949409
2024-03-13,90.7961026211969,91.24382347923168,88.18354935724443,90.62957763671875,635713000,68.27078674316407,,69.69199575085415,6.392196418305616,5.99715343791388,0.3950429803917359,80.71601295471191,95.25836907341194,66.17365683601189,0.8408513930304242,0.3603338566006585
2024-03-14,89.32232245586333,90.38828336998239,86.35378152826699,87.69396209716797,602318000,69.06409019470215,,63.52773130739765,6.0914967882070385,6.016022107972512,0.0754746802345263,81.41638984680176,95.8861286733929,66.94665102021062,0.7169207172844705,0.3554502687682005
2024-03-15,86.68283850567245,89.29139794365639,86.01175546714047,87.5872573852539,642086000,69.86720481872558,,63.30853676389373,5.777975086316658,5.968412703641342,-0.190437617324684,82.1733528137207,96.2662900844474,68.08041554299399,0.6920786443426084,0.3430050445349134
2024-03-18,90.13100142686399,92.14226481208601,86.83739140527486,88.20349884033203,668976000,70.67408912658692,,64.07937330478228,5.515651417875233,5.877860446488121,-0.36220902861288806,82.96337013244629,96.53891950305818,69.38782076183439,0.6929987717193045,0.32726610186976024
2024-03-19,86.45347234751878,90.28654400179565,84.76828290241504,89.14380645751953,672171000,71.47786315917969,,65.27805809764358,5.3222810440529,5.766744566001077,-0.44446352194817695,83.95799598693847,96.22069329242404,71.6952986814529,0.7114465660120816,0.29211505494707873
2024-03-20,89.54168915568671,90.15295286698971,87.97216679685033,90.11505889892578,479063000,72.23812454223633,,66.52080571979683,5.187606090725339,5.65091687094593,-0.46331078022059113,85.09989852905274,94.95326306191664,75.24653399618883,0.7544897406944597,0.23157171049974898
2024-03-21,92.0375720151123,92.38458214165158,90.1479556941056,91.1750259399414,480372000,73.00189651489258,,67.87226798663912,5.107529283376195,5.542239353431983,-0.43471007005578777,85.74309883117675,95.41768544248475,76.06851221986875,0.7807317421922516,0.22566449645951583
2024-03-22,90.88186754884678,94.50852789687556,90.5757411997652,94.02091979980469,586719000,73.79845634460449,,71.23023386820987,5.213608454093162,5.476513173564219,-0.26290471947105676,86.51468315124512,96.2453132705941,76.78405303189615,0.8857014682756109,0.22494748324600272
2024-03-25,93.67389990625729,96.49086455465545,93.24412560987103,94.73188018798828,552136000,74.59982276916504,,72.01709906115775,5.294019362924871,5.44001441143635,-0.1459950485114785,87.30810546875,97.00156867036338,77.61464226713662,0.8829268531190517,0.2220518507318417
2024-03-26,95.57845969689596,96.1009718491892,92.23898306006764,92.29781341552734,513648000,75.35474143981934,,65.42009239112,5.102518088987878,5.372515146946656,-0.2699970579587774,87.99931945800782,97.02271277153355,78.97592614448209,0.7381861129269541,0.205078706724126
2024-03-27,92.8472628285773,92.97489725482532,88.8696059634602,89.99340057373047,586067000,76.03022827148438,,59.83207385190191,4.710505319019404,5.240113181361206,-0.5296078623418019,88.62706184387207,96.2647773750515,80.98934631269265,0.5894468198167763,0.1723562842381989
2024-03-28,89.74411520186113,91.0404221311914,88.93941042675222,90.09910583496094,435212000,76.71439018249512,,60.00085285488704,4.358124163170515,5.063715377723069,-0.7055912145525536,89.18784866333007,95.39447782096482,82.98121950569532,0.5734099902287485,0.13918104877860185
2024-04-01,90.04226569169144,91.96278458075767,88.95037777581965,90.1060791015625,452441000,77.3776725769043,,60.0127895599818,4.032933100360609,4.857558922250577,-0.8246258218899687,89.59109268188476,94.86608376447126,84.31610159929826,0.5488139611626818,0.11775704313188033
2024-04-02,88.19651917898095,89.83784291883602,87.3708780678764,89.19766998291016,433064000,77.97524467468261,,57.60124387435893,3.659728741396407,4.617992886079744,-0.9582641446833371,89.80144348144532,94.64362172490627,84.95926523798437,0.43765476318942625,0.10784187994620455
2024-04-03,88.23242095077572,90.11704664082849,88.14866014711569,88.71105194091797,370067000,78.55983375549316,,56.29620865476569,3.286807320152761,4.3517557728943475,-1.0649484527415867,89.95101699829101,94.45242485125311,85.4496091453289,0.36226919467460655,0.10008575785302407
2024-04-04,90.14895342900508,90.37630961608212,85.6358209019151,85.66075134277344,434965000,79.0790495300293,,48.82826877185562,2.7138471011480334,4.024174038545085,-1.3103269373970514,89.81166381835938,94.65050128389787,84.97282635282089,0.07108370500681752,0.10775521262638785
2024-04-05,86.61900791219938,88.22942139866663,85.68168582327746,87.75776672363281,399678000,79.61051170349121,,53.40451286505567,2.401302890416332,3.6995998089193347,-1.2982969185030027,89.57927627563477,94.34335177121415,84.81520078005539,0.3088286432811414,0.10636557234332529
2024-04-08,88.44779987998065,88.57743512523471,86.4854007087341,86.88526153564453,283220000,80.1194384765625,,51.34698782959894,2.059465241480268,3.3715728954315214,-1.3121076539512533,89.5595832824707,94.36460822144323,84.75455834349816,0.221716142913712,0.10730342332695988
2024-04-09,87.19338901159341,87.38584107130184,82.78595764157446,85.11132049560547,501700000,80.60457260131835,,47.352459053143335,1.6266630661399972,3.0225909295732167,-1.3959278634332195,89.53864326477051,94.41681972646363,84.6604668030774,0.046211293919817396,0.10896248332171148
2024-04-10,83.68737890315158,87.15150043777531,83.47099303047223,86.7915267944336,431929000,81.09471366882325,,51.223017444272024,1.4030691227897307,2.6986865682165195,-1.2956174454267888,89.29563674926757,94.21262375434065,84.37864974419449,0.24536134097462806,0.1101282701836697
2024-04-11,87.1714479258609,90.48101167566662,86.67885677486333,90.35836029052734,431637000,81.65002922058106,,58.24152918055493,1.4964330173143594,2.4582358580360877,-0.9618028407217283,89.28207588195801,94.18575024169638,84.37840152221963,0.609742647004272,0.10984678192791218
2024-04-12,89.44395551817271,89.91860764142923,87.28112393379013,87.93525695800781,426805000,82.18175071716308,,52.69439923865538,1.3592320076689646,2.238435087962663,-0.8792030802936983,89.294140625,94.183292203582,84.404989046418,0.3610307284248384,0.1095066606691362
2024-04-15,88.84466403718538,90.35535577476978,85.68467584656017,85.7564697265625,443077000,82.63998306274414,,48.244867977074556,1.0624421268609012,2.0032364957423106,-0.9407943688814093,89.20260124206543,94.28104768976416,84.12415479436669,0.1607100664550163,0.11386319181248016
2024-04-16,86.18724795044986,87.86745463811035,85.81930143123056,87.16645812988281,370453000,83.06393646240234,,51.121304623379956,0.9302845472691956,1.7886461060476877,-0.8583615587784921,89.15074920654297,94.2897567391917,84.01174167389424,0.3069382984891814,0.11528803915585199
2024-04-17,88.08883458135892,88.5226029947078,83.71131651391543,83.79608154296875,495400000,83.35722534179688,,44.722806933538926,0.5472788008008393,1.540372644998318,-0.9930938441974786,88.88336296081543,94.52764327987438,83.23908264175648,0.04934188857802282,0.12700420260982367
2024-04-18,84.72840551757585,85.94493790164843,82.16770633584548,84.43025207519531,447260000,83.68531372070312,,46.09008561751494,0.29155538034598294,1.2906091920678509,-0.9990538117218679,88.5991226196289,94.53185844461042,82.66638679464738,0.14865530276273733,0.13392312812061952
2024-04-19,82.91358102333888,84.08423897081519,75.39103216599602,75.98333740234375,875198000,83.80705261230469,,34.01975890645734,-0.5859482463956596,0.9152977043751488,-1.5012459507708082,87.83953819274902,95.80157512492914,79.87750126056889,-0.2445457042836688,0.18128594698912878
2024-04-22,77.88192715774476,79.8453305652036,76.18277728835372,79.29190826416016,596341000,84.00409606933594,,40.583420395408396,-1.002842036246122,0.5316697562508946,-1.5345117924970166,87.1030876159668,95.36111970999752,78.84505552193608,0.027055643350374376,0.18961514040558422
2024-04-23,80.53933292030558,82.5336459790271,80.0357716117506,82.18862915039062,438559000,84.2093782043457,,45.67854236974693,-1.086962375988108,0.2079433298030941,-1.2949057057912021,86.47592506408691,94.20977583719524,78.74207429097858,0.22282268953237339,0.1788671417478751
2024-04-24,83.71130825195023,83.84293671972377,78.95786360773235,79.4504623413086,512208000,84.35760360717774,,42.01121162587934,-1.3589108505732526,-0.1054275062721752,-1.2534833443010773,85.83355751037598,93.66007985321563,78.00703516753633,0.09221382822045031,0.18236509285761676
2024-04-25,78.64376576074403,83.08610152779464,78.00060291462616,82.3970718383789,424641000,84.56715408325195,,46.947401622513645,-1.3214325633671393,-0.3486285176911681,-0.9728040456759712,85.4537410736084,93.17244807496773,77.73503407224906,0.30199603154445526,0.18065228986781448
2024-04-26,83.57967974791617,88.07984835062736,83.14990546047017,87.48554229736328,551011000,84.8431364440918,,54.19811217354563,-0.8710923010118279,-0.4531212743553001,-0.4179710266565278,85.32306289672852,92.80770658354155,77.83841920991549,0.6444610786512639,0.17544245208056186
2024-04-29,87.34593487887717,87.74180161200195,85.02355474971789,87.50747680664062,388971000,85.1443260192871,,54.22715288049885,-0.5065848719191735,-0.46381399386807476,-0.04277087805109869,85.19313278198243,92.42716677433421,77.95909878963064,0.659962202769924,0.16982669274211068
2024-04-30,86.99194868469957,88.5664614931565,86.05462655663052,86.15633392333984,363709000,85.4193896484375,,52.038356236504335,-0.3230125592247788,-0.4356537069394156,0.11264114771463679,85.0410659790039,92.05655157882151,78.0255803791863,0.5794861544840841,0.16499053766681823
2024-05-01,84.8351155436048,85.75548783344894,81.0239759113071,82.80490112304688,559863000,85.69046188354493,,46.9736228480297,-0.4428578076018397,-0.43709452707190044,-0.005763280529939241,84.74575843811036,91.61413082805022,77.8773860481705,0.3587105354169305,0.16209359657700914
2024-05-02,84.2088988596094,85.99181736939447,82.96344936879665,85.57301330566406,377898000,86.05638198852539,,51.198410101857235,-0.3108887789978496,-0.4118533774570903,0.10096459845924066,84.74137153625489,91.60751237571617,77.87523069679361,0.5605610770922101,0.1620493205381681
2024-05-03,87.53939567590184,89.02715032615576,86.79252471992756,88.53655242919922,398341000,86.26089263916016,,55.304152747525094,0.03245633052088692,-0.32299143586149487,0.3554477663823818,84.7803108215332,91.72284469414144,77.83777694892497,0.7705238229003291,0.16377703278825242
2024-05-06,89.13584021044993,91.95779560513117,88.80179361610953,91.87802124023438,376203000,86.5266683959961,,59.446941573082235,0.5676449530409968,-0.1448641580809965,0.7125091111219933,85.02994880676269,92.58897223663875,77.47092537688663,0.9529733567437801,0.1777967301157512
2024-05-07,90.8389759868272,91.52003263915564,88.75791206874568,90.29652404785156,437342000,86.75533020019532,,56.76516128097915,0.8543240698334102,0.054973487501884855,0.7993505823315254,85.289208984375,93.18958938903236,77.38882857971763,0.816903415215595,0.1852609608820436
2024-05-08,89.22857828050421,90.93471200217493,89.16575387590268,90.15493774414062,325721000,86.9889582824707,,56.5193350486845,1.0578996947185288,0.25555872894521364,0.8023409657733152,85.45737953186035,93.61743815409868,77.29732090962203,0.7878385088728517,0.19097376181997433
2024-05-09,90.27160575755214,90.8130611604946,87.98014293885268,88.49467468261719,378013000,87.21008071899413,,53.58871166940495,1.0728977925586207,0.4190265416678951,0.6538712508907256,85.36419525146485,93.3387130027218,77.3896775002079,0.6962801719676972,0.18683518840107877
2024-05-10,90.04823199188911,91.14111635473476,88.97329419694542,89.62244415283203,335325000,87.42486221313476,,55.28479168104205,1.1623861996862814,0.5676984732715724,0.594687726414709,85.44855461120605,93.56452235635123,77.33258686606086,0.7571405944856497,0.18996149863676748
2024-05-13,90.22074555223655,90.73927132421963,88.27728953555432,90.14197540283203,289680000,87.58687774658203,,56.081044063004136,1.260695721513514,0.7062979229199607,0.5543977985935532,85.66782989501954,94.03821120304079,77.29744858699829,0.7672605549955631,0.1954148089960635
2024-05-14,89.34425926993435,91.3904271570829,88.6811490247398,91.09626770019531,296507000,87.70899002075195,,57.5754452548693,1.399477829612124,0.8449339042583934,0.5545439253537305,85.86432037353515,94.54494588629336,77.18369486077694,0.8013577373526015,0.20219400735939974
2024-05-15,92.20907765380471,94.59228164011105,91.3385587292716,94.3609390258789,417735000,87.88181716918945,,62.301338030484125,1.7526914066144172,1.0264854047295984,0.7262060018848189,86.39256324768067,95.76380011850115,77.02132637686019,0.925150697183294,0.21694545267638105
2024-05-16,94.64014168326462,95.54655367350442,93.8354294469824,94.09070587158203,323952000,87.99467498779296,,61.688766922510545,1.9878949386054927,1.2187673115047772,0.7691276271007155,86.8755859375,96.77351419332997,76.97765768167004,0.864476269558342,0.22786443737946654
2024-05-17,94.10068232469492,94.47062203748345,91.5449662156453,92.21604919433594,359691000,87.99088562011718,,57.4674418584597,1.9999718747314859,1.3750082241501191,0.6249636505813667,87.68722152709961,96.47982457543168,78.89461847876754,0.7575362291656869,0.2005446835971357
2024-05-20,93.4834280017941,94.92930197847484,93.1743119009991,94.510498046875,318764000,88.13551315307618,,60.98629560901825,2.169675116346369,1.533941602589369,0.6357335137569997,88.44815101623536,96.82723074806027,80.06907128441044,0.8617549435419501,0.18946873700699227
2024-05-21,93.33287775310836,95.12875963376091,92.9150703346718,95.11479949951172,328946000,88.32720672607422,,61.88080192056343,2.326114237863564,1.6923761296442081,0.6337381082193558,89.0944595336914,97.43655974619489,80.75235932118792,0.8608407842426048,0.18726417458874386
2024-05-22,95.18757094825777,95.74697281531282,92.9838557882849,94.68001556396484,548648000,88.38777389526368,,60.80066433286477,2.3874884580073115,1.831398595316829,0.5560898626904824,89.85593719482422,97.26603799750974,82.4458363921387,0.8255069328741326,0.16493291448552935
2024-05-23,101.73790743867507,106.01770397120008,101.23134859062449,103.50387573242188,835065000,88.64525985717773,,71.62549752519305,3.1122635048001968,2.0875715772135024,1.0246919275866944,90.91127738952636,99.66233063949788,82.16022413955484,1.2194904420754438,0.19251854118111214
2024-05-24,104.15202926452054,106.172269937542,102.7071515406011,106.16629028320312,429494000,89.01470642089843,,73.96192904403628,3.8570261579931326,2.4414624933694284,1.4155636646237042,91.84531478881836,102.67523542673837,81.01539415089835,1.1611763822276377,0.23582957198897841
2024-05-28,109.93054862844438,114.61219912037285,109.57057499198291,113.5771484375,652728000,89.53450424194335,,79.11662443122054,4.987754515019901,2.950720897699523,2.037033617320378,93.14879837036133,107.33266435637186,78.9649323843508,1.2201263071466917,0.3045421139973319
2024-05-29,112.72858027740573,115.16363093573716,110.58568822600918,114.49852752685547,557442000,90.06040481567383,,79.65587153804458,5.8903126193624615,3.5386392420321107,2.351673377330351,94.5659080505371,111.13493126040296,77.99688484067124,1.1015025515942811,0.3504227591408774
2024-05-30,114.32402359196342,115.4896985615827,109.35120333690087,110.18582153320312,484553000,90.4812451171875,,70.48183414570627,6.186285440999171,4.0681684818255235,2.1181169591736477,95.93495407104493,112.91045008016053,78.95945806192933,0.9197481904065037,0.3538959532214785
2024-05-31,112.20005836251356,112.39650442248492,106.63593026291203,109.32127380371094,613263000,90.8653694152832,,68.77190708437732,6.278707229490109,4.510276231358441,1.7684309981316684,97.12236709594727,114.35293336350357,79.89180082839097,0.853990301837415,0.3548217940473837
2024-06-03,113.29794252397816,114.67301940917969,111.68453916444382,114.67301940917969,438392000,91.33532928466796,,73.11932790878745,6.706485120858105,4.949518009258374,1.7569671115997307,98.42919044494629,116.78465561105791,80.07372527883466,0.9424793601587175,0.372967919031667
2024-06-04,115.38699866419654,116.26848033786769,113.72074443192332,116.10594177246094,403324000,91.77702972412109,,74.15672643394097,7.0795187556576735,5.375518158538235,1.704000597119439,99.64058647155761,119.26106363294141,80.02010931017381,0.9195961995590439,0.3938250035688914
2024-06-05,118.0344347915748,122.10083501982173,117.13400243711465,122.09186553955078,528402000,92.32422943115235,,77.97985484240012,7.76861288678522,5.8541371041876324,1.914475782597588,101.23035354614258,122.63603906370551,79.82466802857965,0.9872890423502614,0.42291041703822246
2024-06-06,123.69529221491227,125.22991785379394,117.98358173920542,120.65396881103516,664696000,92.8913525390625,,75.10560251315397,8.105266237538757,6.304362930857858,1.8009033066808993,102.7553050994873,125.11204597267532,80.39856422629929,0.9002968011543524,0.4351452385167326
2024-06-07,119.42946352714927,121.34600353396539,117.68643999762348,120.5442886352539,412386000,93.50237030029297,,74.87888401384883,8.267908863137592,6.697072117313805,1.5708367458237866,104.35778579711913,126.98892708507869,81.72664450915958,0.8576156993625964,0.4337221437786446
2024-06-10,120.02774969821236,122.74998311505551,116.6773027177119,121.44371032714844,313434100,94.12926239013672,,75.53118416485165,8.372862976984251,7.032230289247895,1.3406326877363561,105.94884910583497,128.68653436446715,83.2111638472028,0.8407308405641459,0.42922005195014307
2024-06-11,121.43373663493091,122.53070514239239,118.41210500224047,120.57611846923828,222551200,94.73866317749024,,73.54731882919367,8.290465134757511,7.283877258349819,1.0065878764076919,107.47055625915527,129.84375251789595,85.0973600004146,0.7928853360628564,0.41635955069944536
2024-06-12,122.72018841720352,126.52963983604721,122.23154359875069,124.85427856445312,299595000,95.4517953491211,,76.78530589173442,8.472707914001461,7.521643389480149,0.9510645245213123,109.15845680236816,131.429046667303,86.88786693743333,0.8523889995118207,0.40804149339076545
2024-06-13,129.03269675342705,129.44156821528892,126.8088590238474,129.25209045410156,260704500,96.26261611938476,,79.55570225767676,8.869758243193019,7.791266360222723,1.0784918829702956,110.9030143737793,133.72324146838065,88.08278727917796,0.9020353523270406,0.41153483921888256
2024-06-14,129.60115726907208,132.47319457988985,127.96568629462858,131.51585388183594,309320400,97.17971817016601,,80.82425975161965,9.260342811658745,8.085081650509927,1.1752611611488177,112.77427177429199,135.90873599319386,89.6398075553901,0.9050576216118128,0.41027911517271454
2024-06-17,132.62277611443673,133.36072299109455,129.2221885999668,130.61831665039062,288504400,98.03692916870118,,78.73818683512631,9.389226978613081,8.345910716130557,1.0433162624825236,114.69438514709472,137.0463420550844,92.34242823910502,0.8562088896476869,0.3897654951342818
2024-06-18,130.77788509132313,135.95355648117285,130.32913071079423,135.20562744140625,294335100,99.00333648681641,,81.38296173944285,9.749144187007474,8.626557410305942,1.1225867767015316,116.7291416168213,138.7680479973239,94.69023523631868,0.9191788264260417,0.3776076149492849
2024-06-20,139.4139821850634,140.37132287672648,129.16236891328995,130.41888427734375,517768400,99.90948776245118,,71.40214017167278,9.53818078805213,8.808882085855181,0.7292987021969495,118.4943458557129,138.92215690384037,98.06653480758541,0.7918701958211994,0.3447896336421289
2024-06-21,126.76897377617152,130.2692833981682,123.95676122395307,126.22048950195312,649445800,100.69806701660156,,63.98955462297214,8.929284173875885,8.832962503459322,0.09632167041656281,120.07136955261231,137.5602701165484,102.58246898867624,0.6758006435813618,0.29130842146799824
2024-06-24,122.89966697964512,124.11629913104224,117.71402997614096,117.7838363647461,476060900,101.24657653808593,,52.250777633870214,7.677460830754015,8.601862168918261,-0.9244013381642464,120.78536758422851,136.5958913421356,104.97484382632143,0.4050780585943174,0.26179534945541744
2024-06-25,120.86532476106613,126.1506927991438,118.99051878494626,125.7418212890625,414192600,102.00270782470703,,59.751179364700185,7.244020133316226,8.330293761797854,-1.086273628481628,121.76414413452149,136.19710813353052,107.33118013551244,0.6377983467156894,0.23706427046477527
2024-06-26,125.78169805160451,127.7662006748868,122.26144711805412,126.05095672607422,362975900,102.80859756469727,,60.01393813416362,6.846537284050328,8.033542466248349,-1.1870051821980212,122.3878345489502,136.42437484899918,108.35129424890121,0.6304852228120358,0.22937803175911137
2024-06-27,123.75731801767638,126.0609445300648,122.58057607711103,123.64762115478516,252571700,103.53822082519531,,56.90369164912473,6.265376803479327,7.679909333694544,-1.414532530215217,122.84528923034668,136.41203474478183,109.27854371591152,0.5295698007891718,0.2208753074608536
2024-06-28,124.23599694106169,127.35735127952529,122.41104832536521,123.19886779785156,315516700,104.32627655029297,,56.31679906291404,5.702853346598744,7.284498136275385,-1.5816447896766412,123.49594154357911,135.75709031554425,111.23479277161395,0.4878855663831928,0.19856763904485794
2024-07-01,123.12905433583957,124.49526638375627,118.50186772113265,123.9567642211914,284885500,105.11680679321289,,57.12115466985886,5.257599032709763,6.879118315562261,-1.621519282852498,124.22771606445312,134.62252360531548,113.83290852359076,0.48696696200499184,0.16735085969815652
2024-07-02,120.79550474728765,123.06921506851164,120.69578241236393,122.33125305175781,218374000,106.04376510620118,,54.79088213907744,4.7191669951187265,6.4471280514735545,-1.727961056354828,124.61062774658203,134.09358124974608,115.12767424341799,0.3798172587230501,0.15220135994257775
2024-07-03,121.32405134915433,127.92576599121094,121.02487672675784,127.92576599121094,215749000,107.01644226074218,,60.728879958025104,4.689824784254569,6.095667398029758,-1.4058426137751896,125.20161895751953,133.93439722735252,116.46884068768654,0.6559725295615175,0.13949944645357967
2024-07-05,127.02825159880693,128.49420118342798,125.3329490025218,125.48253631591797,214176700,107.88232040405273,,57.19571289192803,4.418489063363197,5.760231731096446,-1.3417426677332491,125.37115249633788,133.9867267357758,116.75557825689997,0.5064640972548429,0.13744109498697596
2024-07-08,127.1379469199517,130.40889591730686,126.6891925935073,127.84598541259766,237677300,108.85023086547852,,59.64177564331389,4.344088195011224,5.477003023879401,-1.1329148288681772,125.73075332641602,134.12631546696372,117.33519118586833,0.6259732255429202,0.13354826752292734
2024-07-09,129.99005737514514,133.4504765285805,128.29473958471138,131.0172119140625,285366600,109.82263366699219,,62.720141762899644,4.489266971262438,5.27945581335601,-0.7901888420935714,126.25439949035645,134.59694635069863,117.91185263001427,0.7854531417945609,0.13215455293467854
2024-07-10,133.6599006676726,134.72695337207693,132.0543457649315,134.5374755859375,248978600,110.76367233276368,,65.8354205276261,4.832670043617227,5.190098659408253,-0.3574286157910258,126.90908775329589,135.68273836786437,118.13543713872741,0.9347328248958771,0.13826670366780924
2024-07-11,135.37513539330575,135.77402473321786,126.69916290866759,127.0481948852539,374782700,111.55448669433594,,55.25620807350293,4.449209374397753,5.041920802406153,-0.5927114280083998,127.23269157409668,135.51161889250207,118.95376425569128,0.48885745207397796,0.13013836642108578
2024-07-12,127.90582806874107,131.5557253023775,126.86870653322082,128.8831329345703,252680500,112.40902267456055,,57.076153395279924,4.244450809861888,4.8824268038973,-0.6379759940354122,127.43413429260254,135.6677083959957,119.20056018920936,0.5879932957286818,0.12922085827472252
2024-07-15,130.19948360408995,131.02719355977734,126.82881950170466,128.08534240722656,208326200,113.31463150024415,,56.00946124003583,3.972016213701096,4.7003446858580595,-0.7283284721569636,127.37579689025878,135.57347650016683,119.17811728035075,0.543277216891362,0.12871644080030042
2024-07-16,128.0853361228611,128.68367018979245,124.23599428065054,126.01107788085938,214769500,114.12339279174805,,53.224275814431174,3.547836767725883,4.469843102231625,-0.9220063345057419,127.10055809020996,135.0907647592965,119.11035142112343,0.43182402818404597,0.12573047340068266
2024-07-17,121.01489915039261,121.51351843622722,116.39768730256174,117.66417694091797,390086200,114.70594528198242,,43.788125052950114,2.509221608089291,4.077718803403158,-1.568497195313867,126.45285110473633,135.25622761832403,117.64947459114862,0.0008350403817591161,0.1392357141286785
2024-07-18,121.51351868069985,122.062002939552,116.23812571295703,120.755615234375,320979500,115.28349716186523,,47.500567463418676,1.9135071262783896,3.6448764679782046,-1.731369341699815,125.73035049438477,133.89006189275588,117.57063909601366,0.1951647541723804,0.12979700392604138
2024-07-19,120.0176783628371,121.26422676213605,117.04591123957188,117.60436248779297,217223800,115.82965393066407,,44.2895665970207,1.173590921413961,3.150619358665356,-1.9770284372513949,125.08962440490723,133.67732705623513,116.50192175357932,0.06418717432206247,0.13730479553651947
2024-07-22,120.01767396475167,123.72740308245356,119.52902914046476,123.19886779785156,258068900,116.49053253173828,,50.665652375155,1.0267955614660025,2.7258545992254857,-1.6990590377594832,124.93854331970215,133.54764058865428,116.32944605075002,0.39896295351868327,0.13781331269282562
2024-07-23,122.44095023584373,124.34567955387372,121.76282770486009,122.25147247314453,173911000,117.16566848754883,,49.62976144215013,0.8245078824821093,2.34558525587681,-1.521077373394701,125.16192512512207,133.23181122635876,117.09203902388539,0.3196720117566761,0.12895113419147824
2024-07-24,118.84093724595712,119.61878223552345,113.12676360209511,113.93452453613281,327776900,117.65191009521484,,41.590564984908234,-0.0068359508136808245,1.8751010145387121,-1.881936965352393,124.57156028747559,133.99878617878386,115.14433439616734,-0.06416574048310167,0.15135438409140764
2024-07-25,112.72785127466838,116.30793416547407,106.00646529957123,111.9699478149414,460067000,118.08846954345704,,39.94460861658264,-0.8148141802907389,1.337117975572822,-2.1519321558635607,123.86750984191895,134.74005528920392,112.99496439463395,-0.04713783835911705,0.17555120727236131
2024-07-26,115.86915683172242,115.87912373985303,111.27188621900741,112.74779510498047,293399100,118.52150009155274,,40.94120230565641,-1.3765094289059334,0.7943924946770711,-2.1709019235830045,123.32251853942871,135.22815264195972,111.4168844368977,0.05589415299601001,0.19308126761495772
2024-07-29,113.3760676606231,115.95891218291776,110.99266783046404,111.2818603515625,248152100,118.85991851806641,,39.60723365699583,-1.9178380008411438,0.25194639557342813,-2.1697843964145718,122.72666816711425,135.7388318894484,109.71450444478013,0.06022656724231618,0.21205112004859036
2024-07-30,111.21204752075072,111.68075088933978,102.2568489765504,103.44356536865234,486833300,119.0469757080078,,33.35011959250525,-2.9453772167964303,-0.38751832690054355,-2.5578588898958867,121.70100822448731,137.1662426201229,106.23577382885173,-0.09027371938789934,0.2541512945744657
2024-07-31,112.58823561538453,118.01320824039244,110.57380945153913,116.69685363769531,473174200,119.536591796875,,48.23971627426143,-2.6596213877004544,-0.8419389390605257,-1.8176824486399288,121.41928825378417,137.03290030422338,105.80567620334497,0.3487718728749885,0.25718503666080555
2024-08-01,117.20544905631927,119.82819139029307,106.51505026446524,108.9084243774414,523462300,119.82455032348633,,42.26430008222277,-3.0267287402215857,-1.2788968992927379,-1.7478318409288478,120.4684211730957,136.68587414568123,104.25096820051019,0.1435939473604248,0.26923990228581784
2024-08-02,103.47348325737674,108.41978599115991,101.09008352011347,106.97378540039062,482027500,120.0617300415039,,40.908753645038864,-3.43418600044906,-1.7099547195240024,-1.7242312809250575,119.54298362731933,136.60090879739766,102.48505845724101,0.13157306349963907,0.2853856354005214
2024-08-05,91.80578374541406,103.12444802394918,90.43957172286065,100.17261505126953,552842400,120.17158203125,,36.47925037330671,-4.256826377475122,-2.2193290511142263,-2.0374973263608953,118.15931510925293,136.72188295051825,99.59674726798761,0.015511533431321525,0.3141955896427112
2024-08-06,103.55324859386288,107.41256456659957,100.27234042123098,103.96212005615234,409012100,120.1807469177246,,40.3545024689875,-4.550537653929695,-2.68557077167732,-1.8649668822523746,116.80656051635742,135.36716698095628,98.24595405175856,0.15398650941973205,0.3178007533575079
2024-08-07,107.51229690555586,108.4995686514933,98.41748524596572,98.63687896728516,411440400,120.03015869140626,,36.9436307031912,-5.153600904350128,-3.179176798211882,-1.9744241061382461,115.0115306854248,133.3079232160841,96.71513815476548,0.05251693221216715,0.31816622944881784
2024-08-08,101.71833034514779,105.20866520993226,97.25069837056012,104.68013000488281,391910000,119.85221832275391,,42.847351372154726,-5.085273158468297,-3.5603960702631654,-1.5248770882051317,113.89312744140625,131.84099604365352,95.94525883915898,0.24334006893247842,0.3151703532152241
2024-08-09,105.34829623370402,106.30564447792429,103.14439960768745,104.46075439453125,290844200,119.65146286010742,,42.69109543467175,-4.991288242053685,-3.846574504621269,-1.1447137374324154,112.6720085144043,129.67245971283046,95.67155731597813,0.25849893558609743,0.30176884964738654
2024-08-12,106.02641463942724,110.76329830179426,105.96658275414626,108.71895599365234,325559900,119.62212554931641,,46.750398440389695,-4.5210869606929265,-3.981476995835601,-0.5396099648573256,111.70368919372558,127.22386716406187,96.18351122338929,0.4038434608875634,0.2778812066523594
2024-08-13,112.1295103919247,115.90904559128121,111.27188458899278,115.81929016113281,312646700,119.75208587646485,,52.75915088199333,-3.5347648612443976,-3.8921345689173603,0.3573697076729627,111.19409980773926,125.41677743599593,96.9714221794826,0.6625991418171685,0.255817127938415
2024-08-14,118.20270641520212,118.27251282253927,113.75502255606693,117.75395202636719,339246400,119.8137045288086,,54.27323293747433,-2.567391160333031,-3.6271858872004943,1.0597947268674632,111.19858856201172,125.42948561475734,96.9676915092661,0.7303215124126949,0.2559546346185775
2024-08-15,118.4320598996148,122.89968462856436,117.14562117487446,122.52073669433594,318086700,119.9420004272461,,57.85717140699049,-1.3999629463869496,-3.181741299037786,1.7817783526508362,111.28684463500977,125.77332558419013,96.80036368582941,0.8877370942858892,0.2603448951525588
2024-08-16,121.60327554530542,124.6548231821397,120.84537209002657,124.2359848022461,302589900,119.9848828125,,59.099411947283315,-0.3325283092296587,-2.6118987010761603,2.2793703918465016,111.61842575073243,126.9472282478569,96.28962325360796,0.9115637556776074,0.27466437362872204
2024-08-19,123.93678638032422,129.6409912109375,123.07916075287817,129.6409912109375,318333600,120.16462326049805,,62.8187056008909,0.9387389782305604,-1.9017711652148162,2.8405101434453766,111.94053192138672,128.45411487625432,95.42694896651913,1.0359363663817527,0.2950420669157568
2024-08-20,128.0454312895895,129.52135538667704,125.54236785937302,126.89861297607422,300087400,120.29170974731446,,59.845152369175466,1.7052830168700552,-1.180360328797842,2.885643345667897,112.1728889465332,129.37661533397895,94.96916255908747,0.9279806507585174,0.30673590649244725
2024-08-21,126.9683999190984,128.9928003758598,126.31022649443915,128.1451416015625,257883600,120.42573837280274,,60.754512784354105,2.3858564643687856,-0.4671169701645165,2.852973434533302,112.88341979980468,131.4401081957821,94.32673140382728,0.9112188952061656,0.3287761555928609
2024-08-22,129.66096486520394,130.3889447703718,122.7600680862335,123.39830017089844,376189100,120.48218200683594,,55.59160435626256,2.5132146186311246,0.1289493475946118,2.384265271036513,113.45483741760253,132.55955587875602,94.35011895644904,0.760235783466645,0.33678102928010345
2024-08-23,125.51245424374224,129.2421321879317,124.87422213092064,129.01275634765625,323230300,120.5653515625,,59.92904214835796,3.032232871898458,0.7096060524553811,2.3226268194430766,114.26808547973633,134.53269907975687,94.00347187971578,0.8638034052597228,0.3546854489587849
2024-08-26,129.21222218734667,130.8975427630235,124.0265765218376,126.11080169677734,331964700,120.50252578735352,,56.838879816720166,3.1728207862469304,1.2022489992136909,1.9705717870332395,115.00953254699706,135.85952215659123,94.1595429374029,0.7662176182733446,0.3625784601997943
2024-08-27,124.70469880770285,128.84323320422493,123.53792378071748,127.94572448730469,303134600,120.43112319946289,,58.302947554386854,3.3931861179723057,1.640436422965414,1.7527496950068917,116.2346405029297,137.10167674995367,95.36760425590573,0.7806120583138683,0.3590502135462451
2024-08-28,127.7662011587005,127.97562795444843,122.30133803695934,125.26313781738281,448101100,120.32401962280274,,55.34708738762073,3.3131727133990267,1.9749836810521368,1.33818903234689,116.66295471191407,137.89875971297695,95.42714971085118,0.7024925145300188,0.36405395446227634
2024-08-29,121.02487540717718,124.08639756190335,116.38771446055243,117.2652816772461,453023300,119.96521270751953,,47.59898156852361,2.5747215765469633,2.0949312601511023,0.479790316395861,117.0807975769043,138.0165816514704,96.1450135023382,0.5044059515441295,0.35762967980833016
2024-08-30,119.19992897597831,121.41379989153823,116.89631023816276,119.04037475585938,333751600,119.73764251708984,,49.2955790781842,2.108424303785327,2.0976298688779473,0.010794434907379635,117.68412704467774,138.1093241929781,97.25892989637738,0.5332003579043664,0.347118981314211
2024-09-03,115.68965014821475,115.8890948214911,106.99372848681783,107.70176696777344,477155100,119.36726806640625,,40.316273255669515,0.8145597303066978,1.8410158411636974,-1.0264561108569996,118.06058464050292,137.43119870777136,98.68997057323449,0.23261514485920876,0.3281470124216711
2024-09-04,105.11892359162538,112.95721192187169,103.83248489547353,105.91670989990234,372470300,119.12992553710937,,39.108506484147824,-0.35083227689625573,1.402646217551707,-1.7534784944479627,118.15831413269044,137.26129513420761,99.05533313117326,0.17958916381124362,0.3233455240409871
2024-09-05,104.70007717737126,109.3472126473878,104.47071656289586,106.91394805908203,306850700,118.75336807250977,,40.186542014106486,-1.1803388421845824,0.8860492056044492,-2.0663880477890317,118.57216758728028,136.27269446963214,100.87164070492842,0.17068156768197765,0.2985612432078144
2024-09-06,107.74166341909986,107.85136027800363,100.67123751563678,102.54605102539062,413638100,118.28326995849609,,37.08924648630238,-2.1652222240333145,0.2757949196768965,-2.4410171437102113,118.46546363830566,136.52183785227396,100.40908942433735,0.05917471513744248,0.30483777565919723
2024-09-09,104.59038905946406,106.25578342210773,103.40368021481835,106.1760025024414,273912000,117.93383758544923,,41.14873154175706,-2.6226108273234843,-0.3038862297231797,-2.318724597600305,118.55122604370118,136.3552431127672,100.74720897463516,0.1524597933923189,0.3003598977964678
2024-09-10,107.51228306871653,109.09789628161208,104.660180275284,107.80148315429688,268283700,117.62588989257813,,42.924797892027684,-2.8214084465358695,-0.8073906730857177,-2.014017773450152,118.5053524017334,136.41488321082292,100.59582159264387,0.2011683510434554,0.302256909854606
2024-09-11,109.0879346022382,116.86639906475774,107.12337325723898,116.58717346191406,441422400,117.47849807739257,,51.45278355243976,-2.2441559761198704,-1.0947437336925483,-1.149412242427322,118.54374656677246,136.43336068701126,100.65413244653364,0.4453153910501378,0.30182299173684507
2024-09-12,116.52733397843357,120.46676839354188,115.07124183313299,118.82118225097656,366052700,117.40829666137695,,53.36106023144848,-1.58810669018645,-1.1934163249913288,-0.39469036519512124,118.59710807800293,136.48334699500523,100.71086916100063,0.5062638706218061,0.3016302708703197
2024-09-13,118.76132213036936,119.63896435139725,117.2852795310739,118.78126525878906,238358300,117.22540664672852,,53.32073000034652,-1.0591941414366204,-1.166571888280387,0.10737774684376666,118.41013450622559,136.20635648167817,100.61391253077302,0.5104272343049944,0.3005861288759352
2024-09-16,116.47745888999548,117.86373849865818,114.05396151496328,116.46748352050781,248772300,117.04510559082031,,50.91841263717158,-0.81730856080965,-1.0967192227862397,0.2794106619765897,118.02170944213867,135.63047693773788,100.41294194653946,0.4558678390745039,0.29839878745752424
2024-09-17,117.85377554798693,118.48209453930119,114.52271703198278,115.28067779541016,231925900,116.79379943847657,,49.6819670661786,-0.7131569693198401,-1.0200067720929598,0.3068498027731197,117.3036937713623,134.11165664118315,100.49573090154146,0.4398197154640159,0.28657175796324696
2024-09-18,115.57986510061662,117.38501890816246,112.917012138231,113.06661224365234,310318900,116.43478744506837,,47.37092658773681,-0.8000501884430378,-0.9760154553629754,0.17596526691993764,116.61209373474121,132.91462269365314,100.30956477582929,0.39125977018581826,0.27960271420896476
2024-09-19,117.03596036023049,119.3397837869768,116.93622949013678,117.55457305908203,293506400,116.09512939453126,,52.222427474072354,-0.5009975721270195,-0.8810118787157842,0.3800143065887648,116.08256530761719,131.51714544027115,100.64798517496322,0.5476853836908271,0.2659241737422418
2024-09-20,116.74674381909426,118.30257441739377,115.0812145821692,115.68958282470703,382462400,115.86795715332032,,50.15341508655195,-0.40976186496772016,-0.7867618759661715,0.3770000109984514,115.69712944030762,130.76228501097768,100.63197386963756,0.4997495340965718,0.260424016456566
2024-09-23,116.23810791147417,116.67692526968904,114.55262802291854,115.94888305664062,206228500,115.60927215576172,,50.44737205072224,-0.3129263281505672,-0.6919947664030507,0.3790684382524835,115.04393577575684,128.82086418902736,101.2670073624863,0.5328428534190579,0.23950725121443106
2024-09-24,116.20818172536411,121.47405850127808,115.07123304654733,120.54654693603516,354966800,115.45849624633789,,55.46261581522094,0.1332732916795294,-0.5269411547865347,0.6602144464660641,114.76572303771972,127.84451460450569,101.68693147093376,0.7209999245265147,0.22792156439405514
2024-09-25,121.69345582540069,124.60564732192762,121.28455699350084,123.17947387695312,284692900,115.40186416625977,,58.079236739122244,0.6913751624267093,-0.2832778913438859,0.9746530537705952,114.52741050720215,126.78479074905454,102.27003026534976,0.8529328126824692,0.21405146920844026
2024-09-26,126.46067739619816,127.32834434574869,121.47405774507013,123.70806121826172,302582900,115.52274185180664,,58.60504350217142,1.1629220551971144,0.005962097964314156,1.1569599572328002,114.4496566772461,126.4506936774826,102.44861967700959,0.8857335220628503,0.20971730887896062
2024-09-27,123.63824884420143,123.6980858451405,118.94085404604166,121.07512664794922,271009200,115.52913208007813,94.06324022293092,54.91050325242961,1.309080286884651,0.2665857357483815,1.0424945511362695,114.64014892578125,126.93134746507963,102.34895038648287,0.7617717752094542,0.21443095903959053
2024-09-30,117.99339940741461,121.1748653861715,117.83383152489164,121.11502838134766,226553700,115.59934539794922,94.43121900558472,54.956846938401355,1.4118564723595455,0.49563988307061435,0.9162165892889311,114.74388160705567,127.21556693733396,102.27219627677738,0.7554244516907572,0.2173830125947456
2024-10-01,121.44413691318621,122.11234975829879,115.48014381228901,116.68690490722656,302094500,115.46910614013672,94.77490839004517,48.94465176549723,1.1230489733303841,0.6211217011225683,0.5019272722078159,115.19313850402833,127.25847729454767,103.12779971350898,0.5619032100603757,0.20948016430852642
2024-10-02,116.12839762685847,119.06052472572213,114.83187351018621,118.53194427490234,221845900,115.39471557617188,95.12651678085327,51.333622772764684,1.031159640477341,0.7031292889935229,0.3280303514838182,115.82390022277832,127.18171946822696,104.46608097732968,0.6192149651971792,0.19612220316537002
2024-10-03,120.59640479294298,124.02720146176961,120.01795510176126,122.521240234375,277118000,115.56644989013672,95.4953794670105,56.11507975790797,1.2656499019267358,0.8156334115801656,0.4500164903465702,116.60426483154296,127.5430767165764,105.66545294650953,0.7704578643923702,0.1876228438271383
2024-10-04,124.6056517279934,124.70538259718006,121.50397375972977,124.58570098876953,243678100,115.81876495361328,95.86864658355712,58.39326945192988,1.599630310513433,0.9724327913668191,0.6271975191466139,117.70624732971191,127.08783212619183,108.324662533232,0.8666466704878516,0.15940674364039084
2024-10-07,124.65550686574433,130.2903881845544,124.61561299835192,127.37820434570312,346250200,116.11137313842774,96.25823440551758,61.31843445114207,2.0658302681015357,1.1911122867137625,0.8747179813877732,118.766357421875,127.46341675316593,110.06929809058407,0.9951010793294107,0.1464566148206051
2024-10-08,129.91139625758697,133.12278019873037,129.07364789501582,132.53436279296875,285722500,116.53642318725586,96.6810464477539,66.06281798340147,2.8188619028245085,1.5166622099359117,1.3021996928885968,120.0030014038086,129.13468188982634,110.87132091779085,1.1861476049423727,0.1521908682148666
2024-10-09,133.75108221017206,134.159988580075,131.02839276624022,132.29498291015625,246191600,117.11345153808594,97.09827926635742,65.66017156632202,3.3576243393452074,1.884854635817771,1.4727697035274365,120.7883918762207,131.21936601514207,110.35741773729931,1.0515587940631883,0.17271484414844498
2024-10-10,131.55698582348705,134.63871270645942,130.64941751515693,134.44921875,242311300,117.46849884033203,97.52708099365235,67.57544609878903,3.913316009434766,2.29054691054117,1.6227690988935959,121.56979370117188,133.52439623207357,109.61519117027017,1.0386806050446193,0.1966706065206799
2024-10-11,133.65136041631004,135.4166278489941,133.30230620805418,134.4392547607422,170209500,117.97911544799804,97.95359436035156,67.55667775785415,4.303295934043518,2.69309671524164,1.6101992188018786,122.35269317626953,135.4687224053225,109.23666394721656,0.9607553617561342,0.2143970661954639
2024-10-14,136.10479144805439,139.22642006970023,135.9352482142016,137.7005157470703,232347700,118.59365005493164,98.39572601318359,70.44960336044257,4.819952923070375,3.118467956807387,1.7014849662629876,123.41434478759766,137.82634670116022,109.0023428740351,0.9956345081396537,0.23355472880184794
2024-10-15,137.50104323972985,138.1991821543322,128.3954862474048,131.24783325195312,377831000,119.21515441894532,98.80507078170777,59.201395934887934,4.655069021152457,3.4257881696764008,1.229280851476056,124.2127025604248,138.5024785971258,109.9229265237238,0.7461595854777474,0.23008558290967954
2024-10-16,133.6214472599385,136.25438165655956,131.22787606953918,135.35679626464844,264879700,119.84304794311524,99.23496036529541,63.22766330337833,4.80061778252977,3.7007540922470747,1.099863690282695,125.32721176147462,139.44175302819482,111.21267049475439,0.8552926132577171,0.22524304288494518
2024-10-17,138.96712260930138,140.512977854023,136.50373111006368,136.56356811523438,306435900,120.60158172607422,99.67763425827026,64.34069567686811,4.956210517757839,3.951845377349228,1.004365140408611,126.27766151428223,140.72671735131354,111.82860567725092,0.8559369801378482,0.228845793686116
2024-10-18,138.2988966827743,138.52827690762766,136.91261713769273,137.6306915283203,176090200,121.26059295654296,100.12863008499146,65.33975741585529,5.106759280387735,4.182828157956929,0.9239311224308056,127.3747169494629,141.773253962049,112.97617993687678,0.8561464116073882,0.22608155460394658
2024-10-21,137.76036967912168,143.325439453125,137.63071268872676,143.325439453125,264554500,122.03788665771485,100.60596086502075,70.14657998716977,5.620795788923942,4.470421684150332,1.1503741047736105,128.7435447692871,143.73014823204696,113.75694130652724,0.9864976483855192,0.2328132799142104
2024-10-22,142.52756130979012,144.03351491090646,141.40058044009385,143.2057342529297,226311600,122.7276222229004,101.077214012146,69.92704947362034,5.949927159540152,4.766322779228296,1.1836043803118566,129.87650413513182,145.6199702683527,114.13303800191095,0.9233257786120989,0.24243747917391373
2024-10-23,141.64993025905358,142.04885378245024,137.09216737152124,139.18653869628906,285930000,123.19496719360352,101.51263675689697,62.81841520254042,5.819368591720661,4.976931941726769,0.8424366499938918,130.67685737609864,146.6035573009658,114.75015745123147,0.7671514299991246,0.2437570086190369
2024-10-24,140.4431777464081,140.97175826689335,138.08949241788707,140.03427124023438,172354900,123.64057357788086,101.9478759765625,63.65760257833319,5.718386912840941,5.125222935949604,0.5931639768913373,131.49316787719727,147.58023516825423,115.4061005861403,0.7654648982473403,0.2446829375360526
2024-10-25,140.55285615055817,143.74430494634163,140.4232143860229,141.16122436523438,205122100,124.01338333129883,102.38271745681763,64.79513912186451,5.664002805025319,5.232978909764747,0.43102389526057205,132.49747276306152,148.36398994397504,116.630955582148,0.7730199546436956,0.23949916704127336
2024-10-28,142.6173258267159,142.7569505719539,139.67522319765803,140.1439666748047,173586700,124.33154296875,102.81011949539185,62.88182304333152,5.475698371403013,5.2815228020924,0.19417556931061242,133.44891967773438,148.7429423118998,118.15489704356895,0.7188778961956742,0.22921163649880336
2024-10-29,139.91457158033694,141.8793009979601,138.52829188537018,140.87200927734375,157593600,124.55616333007812,103.2417201423645,63.70780028562507,5.323842759264409,5.289986793526802,0.0338559657376063,134.65817489624024,148.18168626007807,121.13466353240241,0.7297418996415178,0.2008568937497966
2024-10-30,139.1665637778278,139.95445814390004,136.44387391965424,138.96710205078125,179418100,124.79753311157226,103.65546035766602,59.94887087069034,4.992238580578004,5.2304371509370435,-0.23819857035903969,135.67993278503417,147.09972747271192,124.26013809735643,0.6439241840877409,0.16833432112279725
2024-10-31,137.2317994926413,137.24176725497634,131.75648481507793,132.4047393798828,270039600,124.88272506713867,104.03802900314331,49.1828272903859,4.152049810645735,5.014759682878783,-0.8627098722330473,136.17410774230956,146.0204276434094,126.32778784120971,0.3085899909667926,0.1446136870561711
2024-11-01,134.3395349599235,136.94255111570317,134.2098931927627,135.03765869140625,207127800,125.11551223754883,104.42850749969483,52.842075068455266,3.6564988982488558,4.743107525952798,-1.0866086277039422,136.69670562744142,145.01882377539982,128.374587479483,0.40032303636291394,0.1217603322590646
2024-11-04,136.84282779526694,138.58814473225323,135.207217103038,135.68592834472656,187528200,125.24897567749024,104.81034181594849,53.72561224074713,3.2782910742911042,4.45014423562046,-1.1718531613293557,137.1120918273926,144.28181348193664,129.94237017284854,0.40054261857138146,0.10458190169791667
2024-11-05,137.08217511986183,139.99435925396384,136.9625011145287,139.5355987548828,160537400,125.51747161865234,105.21061182022095,58.676873593768306,3.251711175712302,4.2104576236388285,-0.9587464479265266,137.46215362548827,144.38301282768933,130.5412944232872,0.6497968004272591,0.10069475880694757
2024-11-06,142.577419626437,146.09797148430005,141.58009580907174,145.22032165527344,242043900,125.86296356201171,105.63821361541748,64.6857774330892,3.647312099925756,4.097828518896214,-0.4505164189704578,138.10842056274413,145.38341553699183,130.83342558849643,0.9887907907637241,0.10535193936191017
2024-11-07,145.9982557303204,148.53145192465237,145.77884323892675,148.48159790039062,207323300,126.32733276367188,106.07469831466675,67.59684540167729,4.17584982249636,4.113432779616243,0.06241704288011718,138.81003952026367,147.1646242055428,130.45545483498455,1.078817424471641,0.12037435785124906
2024-11-08,148.37188826922187,149.369212218998,145.8685954157921,147.2349395751953,175665800,126.92672592163086,106.50367839813232,65.37823805975404,4.442909769252651,4.179328177543525,0.26358159170912643,139.44982376098633,148.31192430595286,130.5877232160198,0.9392364865816577,0.12710092140605286
2024-11-11,148.2821074463959,148.4516658981078,143.18579701946294,144.8712615966797,182325600,127.44334365844726,106.92376163482666,61.27202214998001,4.412957811653001,4.22605410436542,0.18690370728758143,139.8083610534668,148.93464244538356,130.68207966155003,0.7773802563055502,0.13055415746453972
2024-11-12,146.38720431256547,149.2495191040209,145.6192606302401,147.89315795898438,198634700,128.2471714782715,107.35180505752564,64.35442981143292,4.580264018370997,4.296896087166536,0.28336793120446124,140.64062728881837,149.52514216871003,131.7561124089267,0.908155693823006,0.12634350473489436
2024-11-13,148.67109606044525,148.93039482211316,145.50956558703103,145.8785858154297,191903300,129.04640899658204,107.7682350730896,60.875878319568116,4.498441029067379,4.337205075546704,0.16123595352067532,141.1667167663574,149.9832348967993,132.35019863591552,0.7672182475757079,0.1249093034448617
2024-11-14,147.24489842760545,148.60125952595652,145.16049515099348,146.36724853515625,194463300,129.8354750061035,108.19332540512085,61.42061467430412,4.422052054644553,4.354174471366274,0.0678775832782792,141.65690078735352,150.48533106013932,132.82847051456773,0.7667715325522069,0.12464525517240395
2024-11-15,144.48230195229198,144.85132212671857,139.705127384455,141.60003662109375,250132900,130.61655471801757,108.58710132598877,53.582609389556794,3.9315189783522158,4.269643372763462,-0.3381243944112464,141.8553680419922,150.48915044508536,133.22158563889903,0.48521323511657144,0.12172655180080857
2024-11-18,139.12669362767247,141.17121080701085,136.78297621414575,139.7749481201172,221205300,131.2885336303711,108.9561321258545,50.904362841505296,3.3568034515113254,4.0870753885130355,-0.7302719370017101,141.6778434753418,150.32940669342005,133.02628025726355,0.39002592321996,0.12213008055256015
2024-11-19,140.9418317601378,146.73628163269873,140.61271302151263,146.61659240722656,227834900,132.0648358154297,109.34355690002441,59.14772193669491,3.41404577729989,3.9524694662704065,-0.5384236889705165,141.84838638305663,150.7447094853112,132.95206328080207,0.767987457816226,0.1254342517260698
2024-11-20,147.0155246522584,147.16511715506326,142.34804073132528,145.4995880126953,309871700,132.64308410644531,109.73092567443848,57.45165519465295,3.3308814850941246,3.8281518700351507,-0.49727038494102604,142.16403884887694,151.10804169265666,133.22003600509723,0.6864684762560281,0.12582651585028978
2024-11-21,148.9503012600165,152.48082047581386,140.32344209077837,146.2774658203125,400946600,133.19220977783203,110.11283103942871,58.347407907469886,3.2898184432602875,3.7204851846801783,-0.4306667414198908,142.47619857788087,151.53612608092382,133.4162710748379,0.7097846390688504,0.1271781194820493
2024-11-22,145.539474391015,146.7661937868221,140.72241318136372,141.57012939453125,236406200,133.64798706054688,110.47348300933838,51.30795786612568,2.844641719045967,3.5453164915533364,-0.7006747725073694,142.49664382934571,151.54644908494004,133.4468385737514,0.448810255654854,0.12701780213760527
2024-11-25,141.61001503848368,141.66985203296244,135.45652887967213,135.65599060058594,344941900,134.03175720214844,110.7921403503418,44.10792114479695,1.991655815155383,3.2345843562737455,-1.2429285411183626,142.27224502563476,151.75641316165405,132.78807688961547,0.151194794832802,0.13332422123950352
2024-11-26,137.33151565059862,138.9272401830298,135.30694909062626,136.55360412597656,190287700,134.45721572875976,111.11471240997315,45.36116045216371,1.3722695811964343,2.8621214012582836,-1.4898518200618494,142.05632476806642,151.84976122926125,132.2628883068716,0.21906078811591606,0.13788103383899944
2024-11-27,134.64869500572706,136.85278753282546,131.44729379106425,134.97781372070312,226370900,134.89543975830077,111.43000373840331,43.51643882421747,0.7456529885720613,2.438827718721039,-1.6931747301489777,141.8568603515625,152.0482615229317,131.66545918019327,0.16250731792480508,0.14368570044637913
2024-11-29,136.41396798376013,138.97709782710584,135.68592576491588,137.88003540039062,141863200,135.30194900512694,111.75097179412842,47.73239508354667,0.4777328521198285,2.046608745400797,-1.5688758932809685,142.1306251525879,151.5571504051114,132.7040999000644,0.2745410085726245,0.13264594090687243
2024-12-02,138.45849496272686,140.07415499884576,137.45120318506554,138.259033203125,171682800,135.7533380126953,112.08002696990967,48.27534828059268,0.29261310723012457,1.6958096177666626,-1.403196510536538,142.29169387817382,151.33002425495002,133.25336350139762,0.27691340618557975,0.12703946562776275
2024-12-03,137.8899957715255,140.1638930268938,137.58082780000817,139.8846435546875,164414000,136.23205322265625,112.417434425354,50.643651287302355,0.2739199664043497,1.4114316874942001,-1.1375117210898504,142.5016296386719,151.10085486545802,133.90240441188575,0.3478359378335264,0.12068950016347724
2024-12-04,141.61999054867616,145.39984134699782,139.91456002292938,144.7515869140625,231224300,136.71615402221678,112.79493591308594,56.992671080091554,0.6443989421017875,1.2580251384157175,-0.61362619631393,142.76242904663087,151.30219502022328,134.22266307303846,0.6164644249961134,0.11963604192813283
2024-12-05,144.73165063129176,146.1579148411047,143.57467148409813,144.68177795410156,172621200,137.14620010375975,113.18195976257324,56.87964982386207,0.9217478642370338,1.1907696835799808,-0.269021819342947,142.73550186157226,151.2474484909364,134.22355523220813,0.614326145197805,0.11926880864746864
2024-12-06,144.22297517109268,145.32009789302302,140.9415450143936,142.068603515625,188505600,137.51341094970704,113.50074768066406,52.669098904225734,0.9200814193735312,1.1366320307386908,-0.21655061136515963,142.41485214233398,150.50975159783397,134.319952686834,0.4786131607555836,0.11368055134319391
2024-12-09,138.6076455444956,139.58508599383495,136.77244688316378,138.44805908203125,189308600,137.86086959838866,113.80004180908203,47.430340006262284,0.6194721824630278,1.033200061083558,-0.4137278786205303,141.9755081176758,149.92885617816015,134.02216005719143,0.27824125080289047,0.11203831091616535
2024-12-10,138.6475487860502,141.4502349567079,133.44115786086326,134.71783447265625,210020900,138.13292572021484,114.07931381225586,42.71611746757555,0.0793248378968201,0.8424250164462106,-0.7631001785493905,141.46783676147462,149.89888131436788,133.03679220858135,0.09969359392710261,0.1191938004552744
2024-12-11,137.00184953896905,139.8045203384501,134.85746151474785,138.94676208496094,184905200,138.57812286376952,114.3816799545288,48.91517546684092,-0.007421161997058334,0.6724557807575569,-0.6798769427546152,141.02051696777343,148.9764169965698,133.06461693897705,0.36967188656804767,0.1128332273893804
2024-12-12,136.72258646567687,138.07904108019704,135.44592508954074,136.98190307617188,159211400,138.94712203979492,114.67939670562744,46.402587491650074,-0.23204087017063557,0.49155645057191844,-0.723597320742554,140.57568283081054,148.3889247621695,132.76244089945158,0.2700199362690416,0.11116064704821764
2024-12-13,138.5777215546611,139.23600428177866,132.1944001851312,133.8999481201172,231514900,139.17469619750977,114.95447959899903,42.69780442586266,-0.6512345882235877,0.26299824281281725,-0.914232831036405,139.9523178100586,147.8070650246746,132.09757059544256,0.11473173327085444,0.1122489050202996
2024-12-16,133.8301313094174,134.04955889819416,130.07994062496547,131.65582275390625,237951100,139.3160986328125,115.20255271911621,40.18210484073809,-1.1512597858462925,-0.01985336291900469,-1.1314064229272878,139.45510711669922,148.05345291682025,130.8567613165782,0.04646599798979952,0.12331345875953803
2024-12-17,128.75338980197034,131.24687096733038,126.52920886378955,130.0500030517578,259410300,139.3695346069336,115.42784946441651,38.43694024541498,-1.6579972270514531,-0.34748213574549436,-1.310515091305959,138.96885986328124,148.49023275659945,129.44748696996302,0.03164018931648056,0.13702886967174407
2024-12-18,133.51097335742298,136.34356467427952,127.94552085179448,128.57388305664062,277444500,139.29032501220703,115.64212097167969,36.85248472997313,-2.1538723475258337,-0.7087601781015622,-1.4451121694242715,138.06672439575195,147.93154543396105,128.20190335754285,0.018853849332745174,0.14289932757342394
2024-12-19,131.41643441707996,133.6805197239663,129.21220544602065,130.33924865722656,209719200,139.25121032714844,115.8515781402588,40.0360875693551,-2.3770060567108544,-1.0424093538234207,-1.3345967028874337,137.3087074279785,147.10205308564048,127.51536177031655,0.1441737576525091,0.14264711744954406
2024-12-20,129.4715360054975,134.92727495716574,127.88568536239204,134.34878540039062,306528600,139.24920166015625,116.06129447937012,46.61866894500432,-2.2048884412990333,-1.2749051713185433,-0.92998326998049,136.71227340698243,145.66499295283597,127.75955386112891,0.36800167287232466,0.13097170170233277
2024-12-23,135.9246564899382,139.42549888718457,134.76767747092137,139.30581665039062,176053500,139.34653289794923,116.32142795562744,53.4257960301867,-1.649478831602579,-1.3498199033753504,-0.2996589282272286,136.59905776977538,145.35836462001234,127.83975091953843,0.6545075955720182,0.12824842269409978
2024-12-24,139.63497303105362,141.53001300601622,138.28848684636677,139.85440063476562,105157000,139.38961059570312,116.59304935455322,54.12302493893827,-1.1517696875700096,-1.3102098602142824,0.1584401726442728,136.80897827148436,145.66847974307208,127.94947679989664,0.6718732353647596,0.12951637507308744
2024-12-26,139.33575896662117,140.48276971800976,137.37089410442982,139.56515502929688,116205600,139.55595703125,116.83261684417725,53.666836506258335,-0.7717747690340673,-1.2025228419782394,0.43074807294417217,136.95955581665038,145.89858992609726,128.0205217072035,0.6457427715760066,0.1305353840576657
2024-12-27,138.1887488761999,138.65752461945982,134.35876491420703,136.6527557373047,170582600,139.58187622070312,117.06273273468018,49.1726162384747,-0.6975909471031798,-1.1015364630032276,0.4039455159000478,137.04330291748047,145.93777543770517,128.14883039725578,0.47804551201390855,0.12980528534955746
2024-12-30,134.47844750631418,139.9042657427297,133.67056192681179,137.1315155029297,167734700,139.59323516845703,117.30992050170899,49.91513305646225,-0.5933283024966158,-0.9998948309019052,0.4065665284052894,137.00587692260743,145.892246858364,128.11950698685087,0.507069173421237,0.12972246352287997
2024-12-31,137.67010377599792,137.71000800391963,133.48105776544256,133.93984985351562,155659200,139.51941833496093,117.5416834640503,45.176969371910324,-0.7594852760202855,-0.9518129199255814,0.1923276439052959,136.78991775512696,145.75356887796988,127.82626663228403,0.341020814925057,0.13105719003193073
2025-01-02,135.64539681236818,138.51789243847597,134.27897378808947,137.94937133789062,198247200,139.41189697265625,117.79041282653809,51.41617589276231,-0.561162270471641,-0.8736827900347934,0.3125205195631524,136.69315414428712,145.56236998525839,127.82393830331586,0.5708189549182251,0.12976825206051387
2025-01-03,139.64492988439244,144.52217900012494,139.36566117903786,144.0933074951172,229322500,139.4296484375,118.06516033172608,59.09778169209857,0.09072857856003225,-0.6808005163158284,0.7715290948758606,136.66024017333984,145.41372190908157,127.90675843759811,0.9245777592376218,0.1281057566507832
2025-01-06,148.2025685915748,151.7632676182901,147.43458721714921,149.04037475585938,265377400,139.6267251586914,118.35978691101074,64.02944344909812,0.9950731724923401,-0.34562577855419474,1.3406989510465348,136.87817001342773,146.5847657925762,127.17157423427928,1.126491770088864,0.14182825176865307
2025-01-07,152.6310037262881,152.73074908393107,139.64494650562293,139.7746124267578,351782200,139.62153198242189,118.60278484344482,51.50371480428892,0.9531162648757459,-0.08587736986820663,1.0389936347439526,136.7634704589844,146.27426082631064,127.25268009165814,0.65830135306725,0.13908378217381598
2025-01-08,142.2082666228464,143.57468988273558,137.20135052761552,139.7447052001953,227349900,139.5932015991211,118.83140377044678,51.46871655834994,0.9069965583292685,0.1126974157712884,0.7942991425579801,136.82830276489258,146.4016148798468,127.25499064993836,0.6523194062975918,0.13993175273691305
2025-01-10,137.09162690267476,139.55518814906236,133.87005266470834,135.55564880371094,207602500,139.50143524169923,119.03552261352539,46.683557103798,0.5263570009641398,0.1954293328098587,0.33092766815428115,136.8701934814453,146.41348431114716,127.32690265174347,0.43112728611166906,0.13945024240789977
2025-01-13,129.6510717959939,133.1419459563911,129.17231238202828,132.8826141357422,204808900,139.34164733886718,119.23844661712647,43.88010099231312,0.008903220387509236,0.1581241103253888,-0.14922088993787958,136.56698608398438,146.2119013936906,126.92207077427815,0.3089992586801464,0.14124812425420158
2025-01-14,135.69526562735138,136.02440701006375,129.71091005586072,131.41644287109375,195590500,139.19063415527344,119.44556182861328,42.37687744779757,-0.5135702780463305,0.023785232651044957,-0.5373555106973754,136.28871307373046,146.1874925800106,126.38993356745031,0.2538954070274238,0.14526191176117464
2025-01-15,133.30152233922777,136.094224818832,130.9476750631476,135.88478088378906,185217300,139.26023498535156,119.67449020385742,48.200913442864135,-0.5606143424384982,-0.09309468236686368,-0.4675196600716345,136.38795471191406,146.22857627485644,126.54733314897169,0.4744338391174475,0.1443033819772173
2025-01-16,138.27852927433761,138.38824308482273,133.14196273572836,133.2217559814453,209235600,139.22391693115233,119.89006858825684,45.26461633103139,-0.8035184951556573,-0.2351794449246224,-0.5683390502310349,136.46625137329102,146.17911189853692,126.75339084804513,0.3329794099579345,0.14234816927266872
2025-01-17,136.33360735729912,138.13888566634566,135.10681862678206,137.3509521484375,201188800,139.25721740722656,120.13083499908447,50.31838549704367,-0.6552765445596549,-0.3191988648516289,-0.336077679708026,136.831298828125,146.0903220807878,127.57227557546221,0.5280619945609842,0.1353348734092355
2025-01-21,138.79717036536638,141.4602070208564,136.7325601923546,140.4628143310547,197749000,139.27576171875,120.38959381103516,53.78176523360574,-0.2834253089316974,-0.3120441536676426,0.028618844735945226,137.4257453918457,145.98825919620506,128.86323158748635,0.6773468054242869,0.12461295050566878
2025-01-22,144.28284886721386,147.40467804215123,143.29542449743752,146.6865692138672,237651400,139.30508666992188,120.69472290039063,59.81542236769154,0.5076229182824648,-0.14811073927762114,0.6557336575600858,138.24311141967775,147.06088767758877,129.42533516176672,0.9787747810347448,0.12756912322585187
2025-01-23,144.67179580639592,146.84610431115016,143.3452618575768,146.8361358642578,155915500,139.27217742919922,120.99011474609375,59.95073203507771,1.1335364140707895,0.108218691392061,1.0253177226787284,138.8674789428711,148.24450926758666,129.4904486181555,0.9249030154239386,0.13505005485947086
2025-01-24,147.98314630855361,148.58158800111045,141.51007758845265,142.24813842773438,234657600,139.17244140625,121.2669291305542,53.94963049208947,1.2450125891786286,0.3355774709493745,0.909435118229254,139.01459503173828,148.5061422637534,129.52304779972317,0.6703380553746449,0.13655468664780274
2025-01-27,124.47459855123269,128.06520275177593,116.39571246675482,118.1112289428711,818830900,138.63724075317384,121.43192867279053,34.425837967204274,-0.6072881737223383,0.14700434201503193,-0.7542925157373703,137.92743644714355,151.06558326411158,124.78928963017552,-0.2541477416997521,0.19050809839422808
2025-01-28,121.49241361825959,128.66367023130923,115.94691212705192,128.65370178222656,579666400,138.25245162963867,121.6412395477295,43.964443914929554,-1.2106053178845002,-0.1245175899648745,-1.0860877279196257,137.38186378479003,151.0962471161968,123.66748045338325,0.1817880253290195,0.1996534761370028
2025-01-29,126.17017448185184,126.55915701971556,119.7369947161038,123.37747192382812,467120600,137.80242935180664,121.806335105896,40.76820217768737,-2.0903894472526474,-0.5176919614224291,-1.5726974858302183,136.7180995941162,151.73276765996363,121.7034315282688,0.05574683330386529,0.2196441891808389
2025-01-30,122.77903527699785,124.67408285834512,117.79207196266405,124.32499694824219,392925500,137.36158432006835,121.98828380584717,41.58946261224455,-2.680270863502301,-0.9502077418384035,-1.7300631216638975,136.07777366638183,152.03032217902285,120.12522515374081,0.13163325568868878,0.23446222087306404
2025-01-31,123.45725307095627,127.51664059137909,118.87922475402188,119.75692749023438,388161100,136.92472213745117,122.15828609466553,38.796619350406424,-3.4762886721600523,-1.4554239279027334,-2.020864744257319,135.36862754821777,152.8280694498281,117.90918564660745,0.05291526080958234,0.2579540358476536
2025-02-03,114.45081126895413,118.26085104341853,112.71535011762803,116.3558349609375,371235700,136.45633987426757,122.3042329788208,36.81440129170589,-4.331645747694381,-2.030668291861063,-2.3009774558333183,134.28895072937013,153.5538024566708,115.02409900206945,0.0345638777219556,0.2869164085751888
2025-02-04,116.65503370463425,120.88397605738155,116.39570950659508,118.34062957763672,256550000,135.8908206176758,122.47695571899413,38.78016585841458,-4.794102623801464,-2.583355158249143,-2.210747465552321,133.0013168334961,152.904764149713,113.09786951727922,0.13170482422122454,0.29929699630168244
2025-02-05,121.44252915135603,124.67407915232373,120.44513651813745,124.50452423095703,262230800,135.47091934204101,122.67732707977295,44.54971044114383,-4.610086043007371,-2.9887013352007887,-1.6213847078065822,131.77452430725097,150.56590415436028,112.98314446014166,0.3065602383794001,0.285205049244489
2025-02-06,127.08777312720079,128.43425932928383,124.88353622330139,128.344482421875,251483600,135.11225967407228,122.93913280487061,47.84719683947867,-4.107055463987109,-3.2123721609580533,-0.8946833030290557,131.20301780700683,149.679008533411,112.72702708060265,0.4226418916457163,0.28163972193965003
2025-02-07,128.88305586640928,130.03005111642076,124.6740584360869,129.50143432617188,228186300,134.87088577270507,123.19018043518066,48.834454017532885,-3.5738466765032797,-3.284667064067099,-0.28917961243618073,130.69085426330565,148.75462961354864,112.62707891306266,0.4670772052333518,0.2764351867170371
2025-02-10,129.75081827828257,134.64802029874645,129.6211675706223,133.2217559814453,216989100,134.82220108032226,123.44534606933594,51.98223463721741,-2.8185851106579207,-3.1914506733852637,0.37286556272734295,130.57415962219238,148.5406104921971,112.60770875218766,0.573681674205147,0.2751915221509285
2025-02-11,132.23432300379022,134.12936300336048,130.67839286199495,132.45375061035156,178902400,134.74020401000976,123.71036251068115,51.280859143395695,-2.256000721314649,-3.004360682971141,0.748359961656492,130.55271644592284,148.50911635329257,112.59631653855311,0.5529347245058986,0.2750827465900731
2025-02-12,129.68100547013307,131.89521852186024,128.7434538800678,130.79808044433594,160278600,134.65660934448243,123.95236755371094,49.72328160829917,-1.9215963187328384,-2.7878078101234807,0.8662114913906422,130.52179832458495,148.47427196871865,112.56932468045126,0.5076948203692604,0.2750877458719811
2025-02-13,131.2169852346524,136.14410776005724,130.8280026783839,134.937255859375,197430000,134.59775375366212,124.189626121521,53.52385539382698,-1.3075094024763416,-2.491748128594053,1.1842387261177114,130.47442207336425,148.37496029345243,112.57388385327609,0.6246564134312593,0.27439153108527137
2025-02-14,136.12414513567924,138.8869270481558,135.1467045962306,138.48797607421875,195479600,134.602332611084,124.4445286178589,56.55762835389291,-0.5282384463621952,-2.0990461921476817,1.5708077457854865,130.73773307800292,148.9444839867347,112.53098216927114,0.7128398151616083,0.2785232767936853
2025-02-18,140.90166414837108,143.06600437599374,137.57036112568994,139.03652954101562,219176600,134.58537033081055,124.70892959594727,57.02435498307335,0.13208053878639703,-1.6528208459608662,1.7849013847472632,130.82201194763184,149.165524102978,112.47849979228567,0.7239079823922839,0.2804346437156017
2025-02-19,139.1462426003846,140.99142508356047,136.86222013681927,138.86697387695312,167536000,134.46767807006836,124.9892399597168,56.82114872227054,0.6343934737350025,-1.1953779820216925,1.829771455756695,130.74221992492676,148.93051944674534,112.55392040310817,0.7233511148823991,0.278231462373248
2025-02-20,139.6649119502666,140.29327428157626,136.4333538136822,139.7447052001953,143903600,134.36893661499025,125.26009841918945,57.66223131935972,1.090732391873786,-0.7381559072425968,1.8288882991163828,130.39512672424317,147.59096453786196,113.19928891062438,0.771855857716553,0.26374970055413477
2025-02-21,139.67487215272783,141.09118323158302,133.68054728393315,134.07949829101562,228217600,134.20915451049805,125.48781314849853,50.78600062211844,0.9839075470408432,-0.3937432163859088,1.377650763426752,129.75729484558104,145.33686745045472,114.17772224070735,0.6387138002772456,0.24013405371026433
2025-02-24,136.20396396001723,138.22867021014434,129.74086261032588,129.94033813476562,251381100,134.03900009155274,125.67812473297118,46.42953338783581,0.5588108322481844,-0.2032324066590902,0.7620432389072747,129.14190483093262,143.6336517704977,114.65015789136754,0.5275478624889985,0.22443136421964796
2025-02-25,129.64109140603463,129.86051900489684,124.11554286315072,126.2998275756836,271428700,133.87063995361328,125.85814125061034,42.940595419233816,-0.07102146276969279,-0.17679021788121074,0.10576875511151795,129.55133476257325,143.2122467526334,115.8904227725131,0.3809923089594788,0.21089573511683682
2025-02-26,129.6510837247691,133.38132271635274,128.1549946612343,130.93771362304688,322553800,133.710458984375,126.06205513000488,48.27339615757923,-0.1936966364239936,-0.18017150158976733,-0.013525134834226266,129.66553535461426,143.33270805326526,115.99836265596326,0.5465413841063916,0.21080655952676236
2025-02-27,134.64801917362388,134.65798762212813,119.69710421233928,119.83673858642578,443175800,133.3675556945801,126.21876544952393,38.90162631649024,-1.173150161308996,-0.3787672335336131,-0.794382927775383,129.48849868774414,143.562564997423,115.41443237806527,0.1571083335496028,0.21737940361202066
2025-02-28,117.71227346912306,124.76383897645573,116.09650229748219,124.59428405761719,389091100,133.18144241333007,126.39362464904785,43.92599862992548,-1.5476397496416894,-0.6125417367552284,-0.935098012886461,129.5019630432129,143.55674638057343,115.44717970585238,0.3254089420023257,0.21705900060635608
2025-03-03,123.18796891235903,123.37746834229016,111.98724605192426,113.76260375976562,411381400,132.82357803344726,126.51172779083252,36.55542103791172,-2.6874720178261953,-1.0275277929694218,-1.6599442248567735,129.20224685668944,144.29297109494968,114.1115226184292,-0.011560706204509053,0.23359847998616928
2025-03-04,110.36150296756519,118.9989197292815,109.82291000037466,115.68757629394531,398163300,132.53632949829102,126.63468433380127,38.529480145751464,-3.3963174728758077,-1.5012857289506991,-1.8950317439251085,129.16883392333983,144.3756973969031,113.96197044977659,0.05673773053755128,0.23545716116920815
2025-03-05,117.27343224392774,117.97160407078815,114.21143704412195,116.9941635131836,284337900,132.30473510742186,126.7478504562378,39.89646653127612,-3.8087470686264027,-1.96277799688584,-1.8459690717405626,129.10151062011718,144.5101148737052,113.69290636652916,0.10712382161043923,0.23870525107840185
2025-03-06,113.2339891683523,115.04924353236196,109.93262184934352,110.28170776367188,321181900,131.9035842895508,126.82880546569824,35.525609919123184,-4.623937699803719,-2.495009937469416,-2.128927762334303,128.39036979675294,145.76888351627852,111.01185607722735,-0.021007214004012276,0.2707136640705446
2025-03-07,110.9599388924034,113.18412798197828,107.27955736061682,112.39618682861328,341755500,131.46453231811523,126.92970615386963,37.83596103622332,-5.041248978881171,-3.004257745751767,-2.036991233129404,127.59295501708985,146.3181149472445,108.86779508693517,0.09421526317636536,0.29351400988630777
2025-03-10,109.61344182887889,111.55835424093472,105.18501650973491,106.70105743408203,366487400,130.81243713378908,126.99065895080567,34.27361912549357,-5.76506444576907,-3.556419085755228,-2.2086453600138425,126.45293617248535,147.23751845875697,105.66835388621374,0.024843019062028578,0.3287323001803748
2025-03-11,106.71102843945867,111.94733940770921,104.4968157267925,108.4764175415039,354865700,130.18487747192384,127.05746704101563,36.2874516540055,-6.124833427544814,-4.070101954113145,-2.0547314734316693,125.21566925048828,147.15520441344228,103.27613408753427,0.11851398435165049,0.35042795034006413
2025-03-12,113.83293253862912,116.46629097878981,112.59604629385464,115.4488525390625,323857500,129.70255142211914,127.16131122589111,43.59667212074447,-5.780699400041996,-4.4122214432989155,-1.3684779567430807,124.36542434692383,146.43467252086177,102.2961761729859,0.2979865073430297,0.3549097072571331
2025-03-13,116.73560262668995,117.46376961532557,113.50375517662202,115.28925323486328,299033100,129.2752813720703,127.22023811340333,43.47372901432047,-5.45793337540988,-4.621363829721108,-0.8365695456887714,123.5899829864502,145.79011905058945,101.38984692231094,0.3130477730495669,0.35925461801500813
2025-03-14,118.31162236591584,121.57339292473429,117.85278046649132,121.36392211914062,277593500,128.95992950439452,127.29622627258301,49.33068761044441,-4.658266369611496,-4.628744337699186,-0.029522031912310176,122.91131629943848,144.5039686711257,101.31866392775126,0.46416850154252387,0.3513533663423287
2025-03-17,122.43123309193861,122.58085727393843,117.73308248243704,119.22930908203125,255501500,128.66571868896483,127.32448707580566,47.469386374020104,-4.148943500568947,-4.532784170273139,0.38384066970419184,121.9483829498291,142.362070597663,101.53469530199519,0.43340071831445004,0.3347922646294101
2025-03-18,117.70316797338417,118.72059878873276,114.25187260535502,115.13963317871094,299686900,128.20952392578124,127.32769260406494,44.04084380168537,-4.028861911691422,-4.431999718556796,0.4031378068653737,120.75353813171387,139.77665277497312,101.73042348845463,0.3524451684626681,0.31507341213488044
2025-03-19,116.97499413034406,120.1469948780257,115.38899756160431,117.224365234375,273426200,127.67214508056641,127.3628853225708,46.17499905561461,-3.7225645266581466,-4.290112680177066,0.5675481535189197,119.67140769958496,136.81977692264832,102.5230384765216,0.4286508695556059,0.2865909167896055
2025-03-20,116.2567968934998,119.89760845913878,116.17699632395453,118.2318115234375,248829700,127.05597381591797,127.40743801116943,47.22251320760358,-3.359799469437263,-4.104050038029106,0.744250568591843,118.59576301574707,133.061776771703,104.12974925979114,0.4874204636311879,0.24395498436204907
2025-03-21,116.64582513098318,117.6931791575635,115.1296446207881,117.4039077758789,266498500,126.6085597229004,127.42109245300293,46.42295286608386,-3.1033371227653106,-3.903907454976347,0.8005703322110365,117.76198348999023,130.36435203581772,105.15961494416274,0.4857933168352755,0.21403118684560352
2025-03-24,119.57842622721644,121.91254366285413,119.03978374206928,121.10458374023438,228452500,126.23575729370117,127.4460856628418,50.46068960237209,-2.571828801318574,-3.637491724244793,1.0656629229262187,117.32019577026367,128.74871791109445,105.89167362943287,0.6655676877262283,0.1948261689438383
2025-03-25,120.24675110401866,120.9848874515059,118.6208466122723,120.38639831542969,167447200,125.93237228393555,127.43755832672119,49.6782235694021,-2.1833874574194425,-3.346670870879723,1.1632834134602805,117.02452430725097,127.79554997822187,106.25349863628007,0.6560609969224814,0.18408151171272935
2025-03-26,118.4313220614094,118.5410383402261,112.42646191953317,113.47382354736328,293463300,125.54419647216797,127.40165760040283,42.79907575959803,-2.4056016286557167,-3.1584570224349218,0.7528553937792051,116.1513298034668,124.91325009691712,107.38940951001646,0.34720779427170834,0.15087077019739487
2025-03-27,111.0698805170997,114.16208047077859,110.38162149260253,111.1496810913086,236902100,125.13886123657227,127.3546845626831,40.75562701759796,-2.7376884643961006,-3.0743033108271574,0.33661484643105677,115.71697692871093,124.56590047556152,106.86805338186035,0.24192929720655773,0.15294080059319368
2025-03-28,111.20953292547101,112.58606625933987,108.79562251910656,109.39411163330078,229872500,124.6090478515625,127.29443656921387,39.23189497806858,-3.106717156120439,-3.080786079885814,-0.02593107623462476,114.95696830749512,123.21695645865563,106.6969801563346,0.16326485145061834,0.14370574090064914
2025-03-31,104.86552901006266,110.68086470981991,103.38925640513808,108.10735321044922,299212700,124.10675979614258,127.23209274291992,38.107308184494116,-3.463085410933985,-3.1572459460954487,-0.3058394648385363,114.6742057800293,123.4494966430445,105.8989149170141,0.1258327688454705,0.1530473362047637
2025-04-01,108.2470125996811,109.92278683325367,106.20217397842941,109.87291717529297,222614000,123.55719909667968,127.15718593597413,40.62236449220613,-3.5619832383253396,-3.238193404541427,-0.3237898337839127,114.38347282409669,123.38751178543822,105.37943386275515,0.2495259811641421,0.15743601307136904
2025-04-02,107.0200962834212,111.69830029652357,106.5213541109438,110.14221954345703,220601200,122.95078720092773,127.0616365814209,41.01608076679251,-3.5773920795524674,-3.3060331395436355,-0.2713589400088319,114.04087562561035,123.14239917713753,104.93935207408317,0.2858239853975243,0.15961861922924828
2025-04-03,103.24960444530586,105.36426634037092,101.3444057347278,101.54390716552734,338769400,122.04793395996094,126.91177684783935,33.4009549767663,-4.234601793516234,-3.4917468703381553,-0.7428549231780783,113.60398559570312,124.11506617296493,103.09290501844131,-0.07368404425824945,0.18504774321332212
2025-04-04,98.66119636165205,99.87812106911886,91.87829866162578,94.07276153564453,532273800,120.99266647338867,126.72904907226562,28.457036904326586,-5.297240943951252,-3.8528456850607746,-1.4443952588904772,112.68781433105468,126.22026875889246,99.1553599032169,-0.18779292384376697,0.24017600320265475
2025-04-07,87.23998007579976,101.49403230771996,86.40209687721266,97.39437103271484,611041300,120.09559112548828,126.53999279022217,33.1916977174447,-5.804453868953701,-4.24316732183936,-1.5612865471143405,112.22248001098633,127.11780842894979,97.32715159302288,0.0022563933404416456,0.26546068874088746
2025-04-08,103.54884894952201,105.5837179566193,94.2223717079774,96.05774688720703,476243400,119.654521484375,126.36818710327148,32.26632464090187,-6.242320578281536,-4.6429979731277955,-1.5993226051537404,111.60154647827149,128.02657912537268,95.17651383117031,0.026825914899847914,0.2943513448588115
2025-04-09,98.64124113201233,114.81046388770125,97.2846616095797,114.04240417480469,612918300,119.36229553222657,126.30729667663574,51.75611648591532,-5.0795674691627255,-4.730311872334782,-0.3492555968279438,111.53122406005859,127.90171950039856,95.16072861971863,0.5766983541792534,0.2935589666177177
2025-04-10,109.09487535601897,110.58112503277279,98.90058321638736,107.29940032958984,437812400,119.0407341003418,126.25487449645996,46.3688905706584,-4.648595197885513,-4.713968537444928,0.06537333955941538,111.13173141479493,127.50585286387206,94.75760996571779,0.3829759783716189,0.29467949865662324
2025-04-11,108.22706011361765,111.26939065397997,107.20962934859612,110.65094757080078,313417300,118.76725311279297,126.17942012786865,49.199303470241944,-3.9906035222539202,-4.569295534406726,0.5786920121528061,110.59608268737793,126.28272860966813,94.90943676508773,0.5017487767523614,0.28367453061844256
2025-04-14,113.82294410726054,114.00249160148302,108.79562187923341,110.4314956665039,264705000,118.58074447631836,126.10132282257081,49.016889768527555,-3.4471121502670456,-4.3448588575787905,0.8977467073117449,110.15619201660157,125.33498456619456,94.97739946700857,0.509068694001939,0.2755867331961768
2025-04-15,110.69084593782598,113.33418114021705,110.22202704858428,111.9177474975586,228966900,118.49198272705078,126.04267345428467,50.35926652696293,-2.8634550928112503,-4.048578104625283,1.1851230118140323,109.99509773254394,125.02658522278962,94.96361024229826,0.5639540752790537,0.2733119529889441
2025-04-16,104.2869965726397,106.52135948725393,100.1973044637503,104.22714233398438,397016900,118.20971298217773,125.94781482696533,43.91577262428827,-2.987037524174454,-3.836269988535117,0.849232464360663,109.34523658752441,124.19305589917879,94.49741727587003,0.3276482847039116,0.27157688391427226
2025-04-17,104.1872406628714,104.20719461222582,99.79831546993584,101.23468780517578,292517500,117.7443162536621,125.83420444488526,41.68100712496332,-3.2885353741312287,-3.7267230656543395,0.4381876915231109,108.49538040161133,123.15589450093437,93.83486630228829,0.25237251070305866,0.2702513977102993
2025-04-21,98.52152791683338,99.18984822876095,94.80091547691985,96.66621398925781,288501100,117.11075088500976,125.70587924957276,38.46302839433607,-3.8517121094226496,-3.7517208744080017,-0.0999912350146479,107.45849571228027,122.38309345651408,92.53389796804646,0.13843977881440367,0.27777417960873685
2025-04-22,98.53151145469249,99.55891920701856,97.03528479941322,98.6412353515625,241004800,116.49354690551758,125.55945659637452,40.59818635886616,-4.091501726581953,-3.819677044842792,-0.27182468173916075,106.33532829284668,120.33544507733399,92.33521150835938,0.22521325858475877,0.2633201403381403
2025-04-23,104.25705857766793,104.53636058197965,101.76334775853866,102.45161437988281,247526000,115.87814407348633,125.44430198669434,44.59251155485774,-3.928782424643245,-3.841498120802883,-0.08728430384036212,105.43858909606934,117.94126233929136,92.93591585284732,0.3805465576009583,0.23715554903395628
2025-04-24,103.21967869312851,106.27197821529161,102.85060676252529,106.1622543334961,220815000,115.35231414794922,125.33588333129883,48.24242806942679,-3.4605178764014113,-3.765302071922589,0.30478419552117764,105.07301063537598,117.03018369261689,93.11583757813507,0.5455477098518909,0.2275974198309526
2025-04-25,106.5812047250048,111.63845023877658,105.46402708737592,110.73074340820312,251064700,114.95096740722656,125.23445098876954,52.39991288229963,-2.689769966532708,-3.5501956508446133,0.8604256843119051,105.0520637512207,116.96797897803934,93.13614852440206,0.7382813048301008,0.2268573277158523
2025-04-28,109.4140660423662,110.09235573735528,105.75329251827114,108.45648193359375,207708500,114.42135192871093,125.10404602050781,50.236551447783974,-2.2366775625698665,-3.287492033189664,1.0508144706197977,105.00518226623535,116.85961522898097,93.15074930348973,0.645570002302288,0.22578757937278374
2025-04-29,107.39914795371472,109.9227823722281,107.16973079396023,108.7457504272461,170444300,113.82650741577149,125.01253379821777,50.516388572097675,-1.8331258840447333,-2.996618803360678,1.163492919315945,105.0371021270752,116.92815685229509,93.14604740185531,0.6559427816064615,0.22641627547633486
2025-04-30,104.20719367744803,108.64599609375,103.81817538074749,108.64599609375,235044600,113.21869674682617,124.91134811401368,50.41111085749289,-1.5040202037236412,-2.698099083433271,1.1940788797096298,104.97575607299805,116.77871887143122,93.17279327456488,0.6554796064103146,0.22487026033374077
2025-05-01,112.79553450528941,114.6508560442669,111.02001354244473,111.32923126220703,236121500,112.66794189453125,124.82756755828858,53.23432002997936,-1.0149867917008635,-2.3614766250867896,1.346489833385926,105.03510665893555,116.9527700746666,93.11744324320449,0.7640670567589355,0.2269272397547891
2025-05-02,113.89278036249011,115.10971266849934,113.08482035383273,114.21197509765625,190194800,112.15728729248048,124.76857204437256,56.124424244181725,-0.390311683821551,-1.967243636833742,1.576931953012191,105.66851005554199,118.11162823094668,93.2253918801373,0.8433008077911468,0.23551232375405465
2025-05-05,112.62596928442517,114.38153638068397,112.3765981799359,113.53367614746094,133163200,111.74637084960938,124.74791954040528,55.259078495482754,0.04944481417454938,-1.5639059466320837,1.613350760806633,106.64155578613281,118.32589610705618,94.95721546520944,0.7949298022835861,0.21913296809652785
2025-05-06,111.19957134225872,114.4513652140045,110.541227943435,113.25438690185547,158525600,111.41265182495117,124.71041339874267,54.88384633257685,0.37114042333487873,-1.1768966726386911,1.5480370959735699,107.43455657958984,118.64402711131908,96.2250860478606,0.7595943450581438,0.20867532549315304
2025-05-07,112.7656187028628,117.38396890879066,111.99755142427854,116.7655258178711,206758800,111.22196578979492,124.70621921539306,58.6823336885335,0.8990424759678888,-0.7617088429173752,1.6607513188852638,108.46994552612304,119.09497005075848,97.8449210014876,0.8903793479494434,0.19590725289110777
2025-05-08,117.95252869863282,118.38144728921775,115.55856464909375,117.07474517822266,198428100,110.94470642089844,124.67559860229493,59.00964696767513,1.3270625234324314,-0.34395456964741383,1.6710170930798451,108.62156257629394,119.63960466923385,97.60352048335403,0.8836063853552216,0.20287025580581244
2025-05-09,117.05478813199066,117.93257923937999,114.92017221026035,116.35655212402344,132972200,110.8751026916504,124.64612400054932,57.86310803846074,1.5899908922114463,0.042834522724358226,1.547156369487088,109.07442016601563,120.57195562518672,97.57688470684454,0.8166823004750625,0.2108200152092742
2025-05-12,121.66317455201767,122.69058227539062,119.9774234659773,122.69058227539062,225023300,110.83702865600586,124.6899042892456,64.42761842866284,2.28314810612504,0.49089723940449465,1.7922508667205455,109.67640190124511,122.61188333731253,96.7409204651777,1.0030419794758725,0.23588449678928733
2025-05-13,124.66561195964681,130.88991289915035,124.15689275092413,129.6031494140625,330430100,111.1538395690918,124.77807029724121,69.93285464194659,3.3516310727476792,1.0630440060731317,2.2885870666745474,110.63498458862304,126.22190785390313,95.04806132334295,1.1084640471571157,0.2817720510964476
2025-05-14,132.86491109788813,135.09928149974084,131.34873063875938,134.99952697753906,281180800,111.54007858276367,124.889328956604,73.39449659316547,4.581046637726544,1.7666445324038142,2.81440210532273,111.78907356262206,130.65760769928073,92.92053942596338,1.115057143464649,0.33757385288802644
2025-05-15,133.9521641466833,135.9571173935552,132.32627503661865,134.49081420898438,226632600,111.89001159667968,125.00537372589112,72.5465631106746,5.45147722547226,2.5036110710175032,2.947866154454757,113.30225715637206,134.24264700485116,92.36186730789295,1.0059255631325135,0.3696376466636248
2025-05-16,135.87733175434735,136.0070096021913,133.1242801768634,135.05938720703125,226542500,112.38556518554688,125.163452835083,72.92308971736449,6.116669666137497,3.2262227900415024,2.8904468760959947,114.99349212646484,137.18826898294844,92.79871526998123,0.952040928600386,0.3860179640787803
2025-05-19,132.05696494191162,135.5282065455698,132.05696494191162,135.22897338867188,193154600,112.84222091674805,125.2561134338379,73.04185183128551,6.581654439939001,3.8973091200210024,2.6843453199179987,116.92163009643555,139.11294306306837,94.73031712980273,0.9124889617789518,0.37959294526307397
2025-05-20,133.95217650431997,134.24145551049554,132.286379343903,134.04196166992188,161514200,113.38903900146484,125.38178112030029,70.70423425242781,6.776263747376774,4.473100045492156,2.3031637018846176,118.69166641235351,140.41052552548183,96.97280729922518,0.8533863168781649,0.3659710874337815
2025-05-21,132.72526966841644,137.0543482410567,130.26148202288624,131.46844482421875,270608700,113.84887954711914,125.50425441741943,65.78828968126464,6.646218256995567,4.9077236877928385,1.7384945692027287,120.14250793457032,141.19459647702314,99.0904193921175,0.7689979397248161,0.3504519575022989
2025-05-22,131.89735290411087,133.9122755767364,131.21907084385478,132.495849609375,187344000,114.18981948852539,125.66587059020996,66.78127708307306,6.55054860201426,5.236288670637123,1.314259931377137,121.45918769836426,142.13979120876886,100.77858418795968,0.7668360694952179,0.34053584421729344
2025-05-23,129.67296865108418,132.3462194682512,128.8350854296202,130.959716796875,198821300,114.50322875976562,125.80085857391357,63.799612027862274,6.2784031083449605,5.444711558178691,0.8336915501662698,122.47063636779785,142.93102138773023,102.01025134786546,0.7074516295956099,0.33412719369705485
2025-05-27,133.81252390577552,135.31873506532702,132.9746406768617,135.1591339111328,192953600,114.77913299560547,125.98346984863281,68.00521493063772,6.328631188136356,5.621495484170224,0.7071357039661317,123.8057689666748,143.91589895178024,103.69563898156937,0.7822797503762253,0.324865798305708
2025-05-28,135.68778777349254,136.9047198340945,134.4509017652276,134.47085571289062,304021100,115.08396392822266,126.13242347717285,66.63874052486662,6.240957135826704,5.7453878145015205,0.49556932132518394,125.09202423095704,144.46178161140801,105.72226685050606,0.742099869856894,0.30968812759298947
2025-05-29,141.89214330786072,143.12902933343943,137.56306504893934,138.83984375,369241900,115.55796813964844,126.30431892395019,70.66781443114053,6.44966788258057,5.886243828117331,0.5634240544632396,126.60171661376953,145.30404151262422,107.89939171491481,0.8271819734288736,0.2954513635215684
2025-05-30,138.37103486307464,139.26876471984463,132.58562239610197,134.79006958007812,333170900,115.9092822265625,126.43467449188232,63.064821284364825,6.216628301581068,5.952320722810079,0.264307578770989,127.77475852966309,145.41088368157727,110.1386333777489,0.6988903738770987,0.27605022079255087
2025-06-02,135.14917875467413,137.77255260816483,135.05939358324852,137.034423828125,197663100,116.28533447265625,126.54075016021729,65.29336294593872,6.142239472419007,5.990304472731865,0.15193499968714175,128.91588096618653,145.83281715796295,111.9989447744101,0.7399531088225366,0.2624492198321723
2025-06-03,138.43088175862894,141.64278269656361,137.60296789247522,140.86474609375,225578800,116.75455123901367,126.6563041305542,68.75792981440043,6.319513368510911,6.056146251887675,0.2633671166232361,130.28243446350098,146.4052594896197,114.15960943738223,0.8281779592939154,0.2475057377076508
2025-06-04,141.83229805086768,142.03179187100486,139.1889554677409,141.56297302246094,167120800,117.1637190246582,126.75151531219483,69.35840320924598,6.442084941032675,6.133333989716675,0.30875095131600006,131.69786376953124,146.5097156329907,116.8860119060718,0.8330140398334231,0.2249368583438818
2025-06-05,141.81237210270294,143.63777059715719,138.48077746536075,139.6378631591797,231397900,117.5487483215332,126.8285247039795,65.6139063655604,6.311132708860242,6.1688937335453895,0.14223897531485274,132.84148063659669,146.3386393076476,119.34432196554575,0.7517708611205732,0.2032069893586022
2025-06-06,142.1515008770834,142.9095987862069,141.15401644541944,141.36349487304688,153986200,118.10654174804688,126.88713722229004,67.31720519497028,6.274270296624991,6.18996904616131,0.08430125046368087,134.0559181213379,145.93366262526322,122.17817361741255,0.8076163470806259,0.17720582083029626
2025-06-09,142.8297985646697,144.63524295526028,141.58294302195193,142.27120971679688,185114500,118.72897232055664,126.96400020599366,68.20926622167077,6.2462981344421,6.201234863817468,0.04506327062463189,135.35165100097657,144.5825670756317,126.12073492632146,0.8748034680338501,0.13639901702548882
2025-06-10,142.3310452201821,143.92701105784593,141.17395971410352,143.5978546142578,155881900,119.41304718017578,127.04126377105713,69.51874411849,6.259028960626836,6.212793683179342,0.04623527744749367,136.39701461791992,144.29499624377513,128.4990329920647,0.9558658362007881,0.11580871689866983
2025-06-11,144.25623511410478,144.6353103750697,141.52293261104455,142.4805908203125,167694000,120.10051193237305,127.1366752243042,67.01519218376723,6.1085488327858855,6.191944713100652,-0.0833958803147663,137.04088668823243,144.71490048748106,129.3668728889838,0.8544236610971873,0.11199597411693611
2025-06-12,141.62267765562083,144.645263671875,141.50297610137997,144.645263671875,162365000,120.79595886230469,127.21483776092529,69.3204766491867,6.093718660011916,6.172299502482905,-0.07858084247098862,137.5231735229492,145.8112351416557,129.23511190424273,0.929659580042875,0.12053330949817569
2025-06-13,142.13144281545507,143.22875794239724,140.50544068193668,141.62269592285156,180820600,121.42556838989258,127.29239723205566,62.72811176492969,5.771538975893577,6.092147397165039,-0.32060842127146216,137.87976760864257,146.22874983447895,129.5307853828062,0.724154765992093,0.12110525526173066
2025-06-16,142.99931091676874,145.82237413621124,142.84966874779792,144.33602905273438,183133700,122.28141082763672,127.37434875488282,65.86627241297768,5.669794698402399,6.007676857412512,-0.3378821590101131,138.34359970092774,147.03789073659772,129.64930866525776,0.8446186311926733,0.12569126514656787
2025-06-17,144.13653073401778,144.8647406282524,143.42826095310537,143.76742553710938,139108000,123.27530410766602,127.46687019348144,64.63806079265589,5.4801087908776935,5.902163244105548,-0.4220544532278545,138.7705223083496,147.64774275673696,129.89330185996224,0.7814452596852833,0.12794101082450468
2025-06-18,143.65770976302605,145.29369730081095,142.76988753620614,145.12411499023438,161494100,124.22989898681641,127.60616436004639,66.2549340886921,5.37726903291383,5.797184401867205,-0.419915368953375,139.32462997436522,148.3345507574975,130.31470919123294,0.8218388460599189,0.12933708540679492
2025-06-20,145.09416929186932,145.84233449814036,142.30101614416546,143.4980926513672,242956200,125.17870590209961,127.72845294952393,62.56272478144604,5.105705970064861,5.658888715506736,-0.553182745441875,139.92611236572264,148.34461445163174,131.50761027981355,0.7121505850561782,0.12032782078452652
2025-06-23,142.1513937655616,144.42581484809375,141.68254233682853,143.8173065185547,154308900,125.77420394897462,127.90903064727783,62.99866347972175,4.860222557294264,5.499155483864241,-0.6389329265699768,140.49218521118163,148.33921910726775,132.64515131509552,0.711871221113976,0.11170776345019907
2025-06-24,145.20390562225958,147.59804349475166,145.1440548392029,147.53817749023438,187566100,126.5789794921875,128.1171379852295,67.71750912736374,4.909326712467873,5.3811897295849676,-0.47186301711709433,141.32110824584962,148.43328779940805,134.20892869229118,0.9370720112988553,0.10065275657456228
2025-06-25,148.90483162044157,154.0721520137232,148.8948463426075,153.9324951171875,269146500,127.44461044311524,128.35223072052003,73.88194651451371,5.40193990157772,5.385339763983518,0.016600137594201314,142.25977630615233,150.7021774643355,133.81737514796916,1.1913151005458242,0.11868992595650614
2025-06-26,155.59842060814296,156.33661581991106,153.6232685600938,154.64077758789062,198145700,128.32879608154298,128.61270435333253,74.4636245114325,5.782831002941208,5.464838011775057,0.3179929911661512,143.26827239990234,152.52733615264265,134.00920864716204,1.1141282472875558,0.1292549089570318
2025-06-27,155.65826650868465,158.32174817747665,154.880175871103,157.3640899658203,263234500,129.2377229309082,128.86864479064943,76.61971634577964,6.232593041246702,5.6183890176693865,0.6142040235773152,144.19448471069336,155.0625573598588,133.32641206152792,1.105885039613636,0.15074186326849812
2025-06-30,158.01250107649778,158.2718747820143,155.57848281781088,157.603515625,194580300,130.30525039672852,129.11765495300293,76.80513683776609,6.533043488044569,5.801319911744423,0.731723576300146,145.33515701293945,156.7886406369496,133.8816733889293,1.035573237575604,0.1576147693292191
2025-07-01,155.9076636637482,156.81544119896878,151.1194180014287,152.92498779296875,213143600,131.33905639648438,129.2993440246582,65.82035615974031,6.320772603772099,5.9052104501499585,0.41556215362214033,146.12968521118165,157.37236544620833,134.88700497615497,0.8022100797911278,0.1538726401658793
2025-07-02,152.6057523429847,157.21446053326332,152.59578228626097,156.8653106689453,171224100,132.54303833007813,129.48956466674804,69.74504243929309,6.3967596605735935,6.003520292234686,0.39323936833890727,146.9297134399414,158.81855241654603,135.04087446333676,0.9178539741582679,0.16183028875863537
2025-07-03,157.98256705200242,160.58618269349765,157.3840439934681,158.9501953125,143716100,133.74921752929689,129.6904093170166,71.60303609764794,6.5497117175469555,6.11275857729714,0.43695314024981524,147.79907455444337,160.50574026854704,135.0924088403397,0.9387901991345976,0.1719451323008527
2025-07-07,157.8129946008361,158.92027983286837,156.9550977974466,157.8529052734375,140139000,134.85724334716798,129.89733642578125,69.1945526024287,6.507372252315406,6.191681312300794,0.31569094001461195,148.70982666015624,161.55647229687156,135.86318102344092,0.8558547060390076,0.1727746703124538
2025-07-08,158.94022243433284,159.82804456030718,158.0025195823342,159.60858154296875,138133000,135.92616989135743,130.11897594451904,70.88218812600925,6.540096165702693,6.261364282981174,0.2787318827215186,149.62208099365233,162.83837115743407,136.4057908298706,0.8778102790404709,0.17666229577895567
2025-07-09,160.8256093227867,164.01777813022636,160.7657585360006,162.48155212402344,183656400,136.96118606567381,130.3660506439209,73.44581888709872,6.720386387321611,6.353168703849262,0.36721768347234907,150.63259811401366,164.51971027370652,136.7454859543208,0.9266169191173235,0.18438388945773504
2025-07-10,163.91804092547642,164.0975932957291,161.21466354212765,163.69857788085938,167704100,138.06602798461915,130.5967706680298,74.47118887704293,6.882138485860963,6.458962660251602,0.42317582560936096,151.63763427734375,166.23413850299778,137.04113005168972,0.9131449358373753,0.19251822669505864
2025-07-11,163.31950952793753,167.47930705179942,163.0701210776715,164.51657104492188,193633300,139.18144439697267,130.84090560913086,75.16531895598285,6.995691425315755,6.566308413264434,0.42938301205132134,152.73943328857422,167.72626767221922,137.75259890492921,0.8929161240748726,0.19624053934166463
2025-07-14,164.96544774793,165.08516454052796,161.62365204151925,163.66864013671875,136975800,140.28189727783203,131.07950439453126,72.95101573169256,6.937293212264819,6.640505373064512,0.2967878392003076,153.69060211181642,168.9146854152767,138.46651880835614,0.8277057089747542,0.1981133926768549
2025-07-15,170.77121644956358,171.97824787505814,168.78607915204378,170.28240966796875,230627400,141.46096084594726,131.32818370819092,78.31663192514017,7.340076304677751,6.780419559387161,0.5596567452905905,155.12358779907225,170.9188296190041,139.3283459791404,0.9798540611694764,0.20364719568491454
2025-07-16,170.64152069930245,171.32983513615645,168.48680121561864,170.9507598876953,158831500,142.59573654174804,131.56704013824464,78.77483648713252,7.625315197404774,6.949398686990683,0.6759165104140905,156.4543243408203,172.86260931212024,140.04603936952037,0.9417413389708619,0.2097517603355738
2025-07-17,171.59918390717252,173.7339481189201,170.4120926228971,172.5767822265625,160841100,143.77659866333008,131.81138374328614,79.88833050024965,7.891605967201343,7.137840143032816,0.7537658241685268,157.89479217529296,174.6497101033274,141.13987424725852,0.9381397185689442,0.21222888604753132
2025-07-18,173.21520688358655,173.82371518980958,170.8410244393951,171.98822021484375,146456400,144.95127532958983,132.0659492111206,78.28737602779957,7.963354689415354,7.302943052309324,0.66041163710603,159.23799743652344,175.9896354730912,142.4863593999557,0.8805664482030768,0.21039749690704831
2025-07-21,172.32738268326037,172.95584631586675,170.58166390065136,170.9607391357422,123126100,146.03517959594726,132.31517776489258,75.44493152486021,7.846853292367911,7.411725100321042,0.4351281920468688,160.6111297607422,176.4544571085277,144.76780241295668,0.8266236046194745,0.19728803815011894
2025-07-22,170.9208374301641,170.97071815657463,164.17738028748298,166.6213836669922,193114300,147.02611236572267,132.5648501586914,64.75215348889978,7.319995028884932,7.39337908603382,-0.07338405714888818,161.75133361816407,175.77377608332395,147.72889115300418,0.6736519889786758,0.17338271223484017
2025-07-23,169.11525591048226,170.84101932871772,167.5590747729789,170.36219787597656,154082200,148.10622528076172,132.82400142669678,68.85073753930038,7.122208120845642,7.3391448929961856,-0.21693677215054397,162.89253463745118,175.7706621742068,150.01440710069556,0.7900135604809835,0.15811808153662016
2025-07-24,172.01814916975516,173.4047480967394,170.88093864849802,173.31497192382812,128984600,149.11871307373048,133.07797008514405,71.65269649951776,7.121631030092516,7.295642120415452,-0.17401109032293594,163.8616584777832,176.81381439632037,150.90950255924605,0.8649320431865444,0.15808647414969557
2025-07-25,173.18529303585547,174.29257821699642,172.53688923976992,173.0755615234375,122316800,149.98816131591798,133.3204193878174,71.09429543484974,7.020922439527226,7.240698184237807,-0.21977574471058148,164.78339767456055,177.60268795680392,151.96410739231717,0.8234252312845601,0.1555895856396998
2025-07-28,173.594294429185,176.56700011257405,173.54441370124516,176.31761169433594,140023500,150.8145230102539,133.56511642456056,74.0442094761305,7.120634270357954,7.216685401461837,-0.09605113110388341,165.73107376098633,179.01038988481918,152.4517576371535,0.8986100577253968,0.16025137377657947
2025-07-29,177.52466141853475,178.9411858321479,174.5918511336965,175.0806427001953,154077500,151.62631958007813,133.77784782409668,71.06431331197919,7.018933656571875,7.177135052483845,-0.1582013959119699,166.60493011474608,179.92998863723284,153.27987159225933,0.8180365989067142,0.15995995452606795
2025-07-30,176.07819353379378,179.4499298230835,175.60934208925488,178.83145141601562,174312200,152.50176086425782,134.01053016662598,74.42533127382312,7.158475652655937,7.173403172518263,-0.014927519862325767,167.90025329589844,180.6797343610208,155.12077223077608,0.9276855243344159,0.1522270611778111
2025-07-31,182.45256948733228,182.85160010862035,175.49961883405416,177.43487548828125,221685400,153.34587890625,134.22545845031738,71.1131705648911,7.074817590934998,7.153686056201611,-0.07886846526661273,168.92873153686523,181.29448580579347,156.562977267937,0.8439395513781813,0.14640202594819898
2025-08-01,173.664133973185,176.10813769082318,170.47196492026188,173.2950439453125,204529000,154.13094055175782,134.41973739624024,62.26707029803226,6.598405851504424,7.042630015262174,-0.44422416375774976,169.64597396850587,181.25428269932328,158.03766523768846,0.6571749193368359,0.13685333591202642
2025-08-04,174.7314908730668,179.75915428060495,174.09305718288007,179.5596466064453,148174600,155.09276458740234,134.62903305053712,68.62701332706152,6.649693665642019,6.964042745338143,-0.31434907969612436,170.73131103515624,181.77132428614985,159.69129778416263,0.8998335586460694,0.1293261696879994
2025-08-05,179.18057181311008,179.81900550487381,175.4696712230272,177.8238983154297,156407600,155.99932556152345,134.8619133758545,65.34080509482257,6.475632190077448,6.866360634286004,-0.39072844420855635,171.6420768737793,181.83432154928067,161.44983219827793,0.8032610400586901,0.11876160975372557
2025-08-06,175.898641889325,179.4599006050506,175.81883576850015,178.9810791015625,137192300,156.95975280761718,135.08003479003906,66.49276592263705,6.357773578884121,6.764643223205629,-0.40686964432150763,172.46705322265626,182.22147045907602,162.7126359862365,0.8339013352117556,0.11311629733508265
2025-08-07,181.12585064917982,183.43019749017932,178.3626223630485,180.3278045654297,151878400,157.86312622070312,135.29885597229003,67.83273838500139,6.300412042116562,6.6717969869878155,-0.3713849448712532,173.29851455688475,182.7517888145976,163.8452402991719,0.8717912871727906,0.10909815680629897
2025-08-08,181.10587113034643,182.85159004607542,179.95867528141937,182.2530517578125,123396700,158.81877014160156,135.5219677734375,69.69832751973146,6.337252072336383,6.604888004057529,-0.26763593172114586,174.1853385925293,183.50364356917854,164.86703361588005,0.9328959604509675,0.10699298864007721
2025-08-11,181.6046387082212,183.39025298215157,179.80903915640334,181.61460876464844,138323200,159.67426544189453,135.71341361999512,68.28402812741311,6.242966021659811,6.532503607577986,-0.28953758591817547,175.08263702392577,183.59902425759927,166.56624979025227,0.8834942893916026,0.09728420108853739
2025-08-12,182.51243687865426,184.02870758664506,179.02099882862018,182.71194458007812,145485700,160.63270294189454,135.91094467163086,69.43214493801037,6.1854870325126114,6.463100292564912,-0.27761326005230025,175.70411376953126,184.5368227739115,166.87140476515103,0.8966977066193172,0.10054071945026831
2025-08-13,182.17326161923742,183.51996527523906,178.9112718042809,181.14578247070312,179871700,161.5149301147461,136.12074089050293,65.77253758436984,5.945027747019623,6.359485783455854,-0.4144580364362316,176.21386489868163,185.06716036008177,167.3605694372815,0.7785356929249887,0.10048352854062363
2025-08-14,179.31025614092474,182.57226061200618,179.02097229994772,181.57470703125,129554000,162.3291293334961,136.32844306945802,66.29647346416044,5.7231003202294914,6.232208690810582,-0.5091083705810906,176.66376113891602,185.64559088681472,167.68193139101732,0.7733822634237139,0.10168276379937387
2025-08-15,181.43506987144983,181.45500998578265,177.6044521364236,180.00856018066406,156602200,163.09804107666017,136.52267974853515,62.53250877239983,5.359070247680762,6.057581002184619,-0.6985107545038565,177.06477813720704,185.8906155834761,168.238940690938,0.6667706923778347,0.09969049224945155
2025-08-18,180.15820389652,182.49247589603021,180.14821861780752,181.5647430419922,132008000,163.9365786743164,136.7297836303711,64.678402827405,5.136929419121117,5.873450685571918,-0.7365212664508016,177.59497833251953,186.160551053716,169.02940561132306,0.7317279205189062,0.0964618797403015
2025-08-19,181.98370991508045,182.0535459787435,175.06070018553257,175.2103271484375,185229200,164.61351531982422,136.90147521972656,51.66598339634995,4.397441981656954,5.578248944788926,-1.180806963131972,178.0244255065918,185.07316247275253,170.97568854043107,0.3003827939910301,0.07918842536469507
2025-08-20,174.74148365399904,175.5694550698242,168.38707131580557,174.97091674804688,215142700,165.26750946044922,137.0814942932129,51.247647854113154,3.748859917724701,5.212371139376081,-1.4635112216513804,178.2548614501953,184.54732731158322,171.9623955888074,0.2390574081379202,0.07060077700204587
2025-08-21,174.42226928848822,176.4672421817212,173.38480492387563,174.55194091796875,140040900,165.88659118652345,137.29223030090333,50.47736997934983,3.1645669533530736,4.80281030217148,-1.6382433488184063,178.31670989990235,184.4356679877521,172.1977518120526,0.19236846143715283,0.06863022642448512
2025-08-22,172.1877371490149,178.15310374912357,170.78118284108405,177.55458068847656,172789400,166.58807098388672,137.50481491088868,55.62503689031142,2.9102509435485047,4.4242984304468855,-1.5140474868983809,178.5406608581543,184.18541708674482,172.89590462956377,0.41265520336526956,0.0632321646112325
2025-08-25,177.91371253514103,181.46500135257926,176.13806812642193,179.37013244628906,163012800,167.282568359375,137.7232359313965,58.43817728552137,2.822665595253085,4.103971863408126,-1.2813062681550411,178.69328689575195,184.25380028544487,173.13277350605904,0.5608617858732006,0.062235280197592065
2025-08-26,179.61949407406715,181.94379572773957,178.37255210674027,181.3253173828125,168688200,168.07662078857422,137.93218452453613,61.28461006090529,2.877846635311215,3.8587468177887443,-0.9809001824775292,179.00552062988282,184.41889543847145,173.5921458212942,0.7142652998319261,0.060482769353035586
2025-08-27,181.53480649120215,182.04356858750407,178.6618623689453,181.15574645996094,235518900,168.81301513671875,138.11186164855957,60.895083745770776,2.8747566456670484,3.6619487833644055,-0.7871921376973572,179.1217353820801,184.61438843407348,173.6290823300867,0.6851574329041835,0.061328716364623705
2025-08-28,180.37766708382995,184.01873199506826,175.97845161993425,179.729248046875,281787800,169.53225158691407,138.268099899292,57.579515481957046,2.7257802089114023,3.474715068473805,-0.7489348595624028,179.23645401000977,184.67900039589495,173.79390762412459,0.5452723782146586,0.060730351043222844
2025-08-29,177.67428483075477,177.714180280125,172.72641192849127,173.75389099121094,243257900,170.1048471069336,138.40069465637208,46.22581210883007,2.101331096370018,3.200038274053048,-1.0987071776830302,179.2593963623047,184.6045656296001,173.9142270950093,-0.014998225105739803,0.05963614042850147
2025-09-02,169.58410730722488,171.95828968039308,166.81090959368234,170.36219787597656,231164900,170.64212921142578,138.52814933776855,41.253404682918415,1.3175811318089927,2.823546845604237,-1.5059657137952445,178.79952392578124,185.39792539914936,172.20112245241313,-0.13934621770580902,0.07380781926586198
2025-09-03,170.64153226145447,171.9882358353705,168.46687251736884,170.20260620117188,164424900,171.16983520507813,138.63969657897948,41.02975952790637,0.6757858848686453,2.393994653457119,-1.7182087685884735,178.41845932006837,186.0045710299804,170.83234761015632,-0.04150620456601113,0.08503729646385044
2025-09-04,170.15273668191406,171.43957421789176,168.99557077235426,171.2400665283203,141670100,171.64387298583983,138.76650398254395,43.1860182714075,0.24801395527342152,1.9647985138203794,-1.7167845585469579,178.03140869140626,186.22850662479053,169.83431075802199,0.08574716208849442,0.09208597509434809
2025-09-05,167.61892806242963,168.6164816497661,163.66862438059468,166.6114044189453,224441400,171.897451171875,138.8677247619629,36.73261903730251,-0.45919936530282257,1.479998937995739,-1.9391983032985616,177.34558868408203,186.85030492993954,167.84087243822452,-0.06467673455349367,0.10718864017293284
2025-09-08,167.14010390134433,170.54176523233733,166.94059623139324,167.8982391357422,163769100,172.16260040283203,138.99921577453614,39.44199278343669,-0.9053973528440054,1.0029196798277902,-1.9083170326717955,176.62784805297852,186.69327742254936,166.56241868340769,0.06635685390495459,0.11397330013953143
2025-09-09,168.67632677148754,170.56170237945196,166.33208505275803,170.3422393798828,157548400,172.4221633911133,139.15205223083495,44.319060393520466,-1.0497017697286424,0.5923953899165036,-1.6420971596451461,176.06422958374023,186.21166394310035,165.9167952243801,0.21805729403022048,0.11526968746975108
2025-09-10,176.20789518840485,178.851406558282,175.04075911822534,176.89620971679688,226852000,172.80801727294923,139.3034503173828,54.82575312710419,-0.6279745279359759,0.3483214063460077,-0.9762959342819836,175.77344284057617,185.46530600569443,166.0815796754579,0.5579231700392567,0.11027676318439796
2025-09-11,179.25053151190707,179.84910351407555,176.05818301908454,176.7465362548828,151159300,173.2844482421875,139.45968505859375,54.57249795391932,-0.3023448052261699,0.2181881640315722,-0.5205329692577421,175.55348052978516,184.94260474224552,166.1643563173248,0.5635339195701735,0.1069659705307564
2025-09-12,177.3451207317183,178.1731387966239,176.02826832324598,177.39500427246094,124911000,173.6950421142578,139.6152727508545,55.53092758223654,0.007953364170646182,0.176141204059387,-0.1681878398887408,175.3444953918457,184.36714259474965,166.32184818894174,0.6136312234371349,0.1029133784067857
2025-09-15,175.2501343169162,178.4225418052247,174.0929031464731,177.32516479492188,147061600,174.06254150390626,139.79404792785644,55.39537369562287,0.24540258854773356,0.18999348095705632,0.05540910759067724,175.2103256225586,184.02905946739742,166.39159177771978,0.6199060550852767,0.10066454489487453
2025-09-16,176.5769489507663,177.0757538913052,173.96321593348455,174.46202087402344,140737800,174.39472381591796,139.98807807922364,50.00613727886484,0.20024274969975409,0.1920433347055959,0.008199414994158188,174.85518951416014,183.17996265553816,166.53041637278213,0.4763856243611928,0.09521905714675812
2025-09-17,172.22736966160153,172.78602876073558,168.00748411706098,169.8829803466797,211843800,174.6002117919922,140.15472496032714,42.829616925377756,-0.20270044530775522,0.11309457870292569,-0.31579502401068094,174.58882217407228,183.18750753109788,165.99013681704668,0.22636271522904042,0.09850212917356595
2025-09-18,173.56417834624654,176.67673180432445,172.54662713675344,175.81878662109375,191763300,174.86695648193358,140.3589298248291,52.37174418508916,-0.042575092493621014,0.08196064446361635,-0.12453573695723737,174.6312156677246,183.2453647430196,166.01706659242961,0.5689314140600985,0.09865531820708798
2025-09-19,175.34989886544702,177.65437533147113,174.76129744715922,176.24774169921875,237182100,175.1179397583008,140.55076835632323,52.982476126312775,0.11758306870689239,0.08908512931227157,0.028497939394620822,174.71600570678712,183.3587009619386,166.07331045163562,0.5886144858294431,0.09893421292672964
2025-09-22,174.88102184557565,184.10891359634738,174.2924356467209,183.17115783691406,269637000,175.49103149414063,140.7753289794922,61.551940667476984,0.7940184359740385,0.23007179064462496,0.5639466453294135,174.996834564209,184.32781199469065,165.66585713372734,0.93802073971382,0.10664167101900321
2025-09-23,181.53508786527138,181.98400930831284,175.78885990523673,178.0035400390625,192559600,175.7777294921875,140.96592346191406,53.68664852618831,0.9027089029675608,0.3645992131092122,0.5381096898583486,174.92850494384766,184.14975067040243,165.7072592172929,0.6667364251209329,0.10542873763786874
2025-09-24,179.34033838980653,179.35030900890538,174.98077271717747,176.54702758789062,143564100,175.90302185058593,141.1249006652832,51.682076958980694,0.8613889433622433,0.4639571591598184,0.39743178420242486,174.68959045410156,183.47270684009231,165.9064740681108,0.6057390709721047,0.1005568375672442
2025-09-25,174.06295512355928,179.82913859886173,172.7161910154847,177.26528930664062,191586700,176.02931243896484,141.2878182220459,52.621560608664105,0.8764965885476954,0.5464650450373938,0.3300315435103016,174.49506759643555,182.85906108630707,166.13107410656403,0.6656040092307408,0.09586509928424328
2025-09-26,177.74415791919978,179.3403398828169,174.51189629291883,177.7641143798828,148573700,176.13305908203125,141.4662957763672,53.30067326734207,0.9181368111191546,0.620799398253746,0.2973374128654086,174.39681091308594,182.55620880583777,166.23741302033412,0.7063450950092849,0.0935727878283075
2025-09-29,179.99874009736317,183.56021461148362,179.8890176259668,181.4153594970703,193063500,176.32160186767578,141.6811322784424,58.04154259587654,1.2315652363155323,0.7429525658661033,0.488612670449429,174.7798843383789,183.483798895378,166.07596978137983,0.8811776365242247,0.0995985846992329
2025-09-30,181.6448190078555,186.90222763381766,181.04624695721463,186.13406372070312,236981000,176.625068359375,141.93821342468263,63.23596210421931,1.8395147355903418,0.962264999810951,0.8772497357793908,175.56847763061523,185.32300982065283,165.81394544057764,1.0415731828164263,0.11111940277297956
2025-10-01,184.7972757932568,187.69033860903804,183.46046686832446,186.79249572753906,173844900,177.02849060058594,142.17744209289552,63.90740408107074,2.3473898055322877,1.2392899609552184,1.1080998445770693,176.3979721069336,186.97321939057,165.8227248232972,0.9914553457624308,0.11990214124712972
2025-10-02,189.146847340247,190.59337868298996,187.6105195355423,188.43853759765625,136805800,177.39001739501953,142.43472526550292,65.59890477557227,2.8498549262592974,1.5614029540160344,1.288451972243263,177.25789566040038,188.77102844494377,165.744762875857,0.985560365996391,0.1299026228608832
2025-10-03,188.73782471792558,189.90502650703218,184.93693332773543,187.17156982421875,137596900,177.66714935302736,142.70108337402343,63.14584454968433,3.109978546882189,1.8711180725892655,1.2388604742929237,178.28590393066406,189.48017275153845,167.09163510978968,0.8968846038870018,0.12557659998995624
2025-10-06,185.0566446584491,186.78250559975277,182.8918329061041,185.09654235839844,157678100,177.90756896972655,142.9682869720459,59.23869470455086,3.1128084968559904,2.1194561574426105,0.9933523394133799,179.14581909179688,189.6362948330085,168.65534335058527,0.7836250430104074,0.11711661253826014
2025-10-07,185.784875425114,188.60811308659447,183.56020975393224,184.59771728515625,140088000,178.07317108154297,143.24102554321288,58.304734816413315,3.03975977949014,2.303516881852117,0.7362428976380233,179.85859298706055,189.78139150397183,169.93579447014926,0.7387997846584752,0.11033999935299343
2025-10-08,186.12409742063042,189.14685437964263,186.0941551173159,188.65802001953125,130168900,178.3447186279297,143.54144622802735,63.3674625290997,3.271785534957189,2.4971706124731314,0.7746149224840577,180.44668350219726,190.9732864149706,169.92008058942392,0.8900278458955677,0.11667272247367363
2025-10-09,191.77054228398893,194.83321191134357,190.60334055524348,192.1097412109375,182997200,178.61028442382812,143.8502986907959,67.03225243761301,3.6916377684984525,2.736064043678196,0.9555737248202565,181.21484375,192.74377489348024,169.68591260651976,0.9725024950426002,0.12724047219206056
2025-10-10,193.04749823427522,195.15245586263575,181.61489659616785,182.7222442626953,268774400,178.7160317993164,144.0921659851074,51.842064373957335,3.2296517246211636,2.8347815798667897,0.3948701447543739,181.48120574951173,192.89035449016168,170.07205700886178,0.5543878663252875,0.1257336669494841
2025-10-13,187.52074924115996,189.6556339904095,185.51555866051012,187.8699188232422,153482800,179.007529296875,144.3349864959717,57.52599200204432,3.241532404765252,2.9161317448464823,0.32540065991876954,182.00844345092773,193.57414067485422,170.44274622700124,0.7533991362054919,0.12708967787029926
2025-10-14,184.32839277968645,184.35831986008523,179.2705030798172,179.59971618652344,205641400,179.00833068847658,144.53371307373047,47.770853686788264,2.554168825256511,2.843739160928488,-0.2895703356719772,182.26532821655275,193.36812461247544,171.16253182063005,0.3799576280166586,0.12183114039913572
2025-10-15,184.3582990595379,184.4281238318171,176.86623951707475,179.40017700195312,214450500,179.03985626220702,144.73288818359376,47.561288253258205,1.9706111134790376,2.669113551438598,-0.6985024379595606,182.7411880493164,192.40263866658688,173.07973743204593,0.327095786144629,0.10573916827839751
2025-10-16,181.79443681084305,182.84193018690272,179.34032512988762,181.3754425048828,179723300,179.08774353027343,144.95650161743163,49.90411756072689,1.6485217086053012,2.464995182871939,-0.8164734742666377,183.01902084350587,192.17456493741878,173.86347674959296,0.4102413618587782,0.10005019206983456
2025-10-17,179.74934657743225,183.65999082680747,179.3203816221287,182.78208923339844,173135200,179.13682922363282,145.184754486084,51.56371850613632,1.4895970226330064,2.2699155508241526,-0.7803185281911462,183.34573822021486,191.96189709445866,174.72957934597105,0.4672911679645713,0.093988100927604
2025-10-20,182.69231029505525,184.75735492260156,181.2956472677441,182.20347595214844,128544700,179.13583770751953,145.42607261657716,50.817945285334034,1.3019507303027922,2.076322586719881,-0.7743718564170887,183.29735412597657,191.9277473163053,174.66696093564784,0.43662639988095,0.0941682244294398
2025-10-21,182.35311411361405,182.35311411361405,179.37027013728058,180.72702026367188,124240200,179.1180859375,145.63996086120605,48.87540674860434,1.0223174180823946,1.8655215529923836,-0.843204134909989,183.43352813720702,191.80765154743415,175.0594047269799,0.3384005261834482,0.09130417427247368
2025-10-22,180.7070509305708,183.00155667206866,176.33751483638122,179.84910583496094,162249600,179.06082916259766,145.81873985290528,47.707637839169095,0.7215480889175865,1.6367268601774243,-0.9151787712598378,183.59863204956054,191.54229268979665,175.65497140932442,0.2639925479943371,0.08653289571451502
2025-10-23,179.98879302554099,182.59255571493648,179.3602938591047,181.72463989257812,111363700,179.07240631103517,145.98216117858885,50.4323599590537,0.6272950853200996,1.4348405052059594,-0.8075454198858598,183.82159957885742,191.27700094644186,176.36619821127297,0.3593664121561098,0.08111561845468719
2025-10-24,183.40059008116805,187.0219186862977,183.06140638753934,185.81480407714844,131296700,179.15720825195314,146.21236213684082,55.83673634098834,0.872582381153137,1.3223888803953951,-0.44980649924225813,184.2241340637207,191.18048518719087,177.26778294025053,0.6143322113270668,0.07552051916351048
2025-10-27,189.5359184602369,191.54110896467577,187.9796341631504,191.03233337402344,153452700,179.37768371582033,146.46880027770996,61.58984115665864,1.4710282419564464,1.3521167527076055,0.11891148924884098,184.70498275756836,192.13185502952865,177.27811048560807,0.9259768032058131,0.08041875385363391
2025-10-28,192.58860677151606,202.6644582837766,191.45133202040452,200.54953002929688,297986200,179.7573794555664,146.7937696838379,69.4162236028496,2.682338797799048,1.6181611617258942,1.0641776360731536,185.42575607299804,195.56882544200258,175.2826867039935,1.2455225536815546,0.10940302559706358
2025-10-29,207.48289118740504,211.68283533037862,204.29054272961417,206.54513549804688,308829600,180.38407562255858,147.1620822906494,73.13056775087463,4.0790852387976315,2.1103459771402417,1.9687392616573898,186.41338806152345,200.11784830075132,172.70892782229558,1.2344961817211153,0.14703300424650703
2025-10-30,204.6596525726598,205.66724825327245,200.92860151360617,202.40505981445312,178864400,180.93275848388672,147.51702537536622,67.07299490059488,4.796654501415276,2.6476076819952485,2.149046819420027,187.1117141723633,202.48012528028863,171.74330306443795,0.9975578000448987,0.1642698980756308
2025-10-31,205.95658488045288,207.47295636791884,201.5870633589687,202.0060577392578,179802200,181.4818408203125,147.84763175964355,66.50127771417516,5.272360686910247,3.1725582829782484,2.0998024039319985,187.85343856811522,204.5374134297336,171.16946370649686,0.9241381112273436,0.17762756954346404
2025-11-03,207.58267267525224,210.83487551397138,205.06869143040765,206.3855438232422,180267300,182.05846008300782,148.21345069885254,69.5675014342329,5.9343417940755785,3.7249149851977146,2.209426808877864,188.91788864135742,207.3838164827793,170.45196079993553,0.9729698754346412,0.19549157545877183
2025-11-04,202.51481474882632,203.4824975937368,197.4569251230167,198.21511840820312,188919300,182.4353598022461,148.51777153015138,58.7612971505422,5.733588305964702,4.126649649351112,1.6069386566135897,189.59875869750977,208.3788299186009,170.81868747641863,0.7294016782273082,0.1981033140734143
2025-11-05,198.29491205487744,202.43498679977526,194.18474916506034,194.74342346191406,171350300,182.7037219238281,148.78917457580567,54.861717981720815,5.234018445706965,4.348123408622283,0.8858950370846825,189.9030288696289,208.80904037322904,170.99701736602879,0.6280120503302199,0.19911226920534655
2025-11-06,195.95054108781363,197.1476699621838,185.9345440647224,187.63047790527344,223029800,182.83321655273437,148.9938941192627,47.854554418698925,4.215556163827699,4.321609959663366,-0.10605379583566688,189.6790657043457,208.58133050733448,170.77680090135692,0.4458110490879287,0.19930786492223548
2025-11-07,184.45805485831954,187.86989393508227,178.48238160939712,187.70028686523438,264942300,182.99263732910157,149.1982148742676,47.924853511184246,3.3751439094311024,4.132316749616914,-0.7571728401858113,189.92796783447267,208.5867846733133,171.26915099563203,0.44030487065500584,0.19648308831590613
2025-11-10,194.6436788693004,199.46213677715232,193.32682642239038,198.5742645263672,198897100,183.48904479980467,149.47984550476073,57.529523032939736,3.545677894943708,4.014988978682273,-0.4693110837385648,190.46318511962892,209.466084682759,171.46028555649883,0.713416888822472,0.19954406990720505
2025-11-11,194.69356897568184,194.9529420926121,190.84279381183833,192.69834899902344,176483300,183.93576782226563,149.85278110504152,51.95333804277871,3.1701465549737975,3.846020493940578,-0.6758739389667805,191.1181167602539,209.46997361595876,172.76625990454906,0.5430537424957708,0.19204727596522045
2025-11-12,195.25221648764446,195.4218083488666,190.673190567689,193.33680725097656,154935300,184.3984518432617,150.17619663238526,52.49216986812999,2.890730960509643,3.654962587254391,-0.7642316267447482,191.81494827270507,209.3754393959109,174.25445714949925,0.5433319024961777,0.1830982546599018
2025-11-13,190.59339473372378,190.98246202725863,183.4106057333689,186.4134063720703,207423100,184.7019186401367,150.49137630462647,46.41353170722654,2.0865787185464626,3.3412858135128056,-1.254707094966343,192.06684646606445,209.15940954286785,174.97428338926105,0.33462281026575497,0.17798556483118413
2025-11-14,182.42294356130517,190.55345800755302,180.14839424900484,189.71546936035156,186591900,185.16399993896485,150.81832866668702,49.421859676541224,1.6961786679989643,3.0122643844100376,-1.3160857164110733,192.41351547241212,209.01289637711454,175.8141345677097,0.4187305199046241,0.17253861678009222
2025-11-17,185.52552307898492,188.54828000089623,183.87947275520656,186.15402221679688,173628900,185.52911560058592,151.15031414031984,46.39647328128331,1.0868759654574092,2.627186700619512,-1.540310735162103,192.61104278564454,208.8089021511242,176.4131834201649,0.30068290435313133,0.16819242688495412
2025-11-18,182.94170515591497,184.35830936263392,179.22060933347112,180.92652893066406,213598900,185.74080139160156,151.47316761016845,42.30306327311839,0.18010799089194052,2.1377709586739977,-1.9576629677820572,192.62101821899415,208.78980990333687,176.45222653465143,0.13836229952623444,0.16788190441356865
2025-11-19,184.3483273978252,187.41099710874653,182.39302051116815,186.07420349121094,247246400,185.92436126708984,151.81183547973632,47.23947804066438,-0.12173456544354622,1.685869853850489,-1.8076044192940353,192.93227310180663,208.3267563198387,177.53778988377456,0.2772556079517301,0.15958432428677904
2025-11-20,195.4816571057099,195.53154064523628,179.42014682895694,180.208251953125,343504800,185.99359558105468,152.09035411834716,42.75083041294175,-0.8247727642950906,1.183741330221373,-2.008514094516464,192.856453704834,208.48415518759663,177.22875222207136,0.09532750975375447,0.1620656315363007
2025-11-21,180.80682891210233,184.11888595894638,172.51667761994415,178.4524688720703,346926200,186.01474487304688,152.34089405059814,41.48034451122247,-1.5062495161370464,0.6457431609496892,-2.1519926770867355,192.48833694458008,209.07932858927398,175.89734529988618,0.07700334093656494,0.1723843834701597
2025-11-24,179.0610093294625,183.06141961318156,176.0581937395723,182.1136932373047,256618300,186.11051544189453,152.60395534515382,45.14143059366561,-1.7309413294288447,0.17040626287398247,-1.9013475923028271,192.04240493774415,209.2345031071506,174.8503067683377,0.2112420019184241,0.1790448122640387
2025-11-25,174.49195573568102,177.73418799379976,169.1447659257062,177.39500427246094,320600300,186.1691751098633,152.8248215866089,41.53481274533109,-2.2636757292954144,-0.31641013555989694,-1.9472655937355174,190.88467864990236,208.7352235329437,173.034133766861,0.12214950675659528,0.18702962447584037
2025-11-26,181.19589856886267,182.47283807635972,177.81400147563977,179.82916259765625,183852000,186.36809875488282,153.0616986465454,44.01951098155829,-2.4610854841120613,-0.7453452052703298,-1.7157402788417315,189.54888000488282,206.48698573837933,172.6107742713863,0.21308133388242412,0.17872018798591882
2025-11-28,178.58215589898685,178.86148547381688,176.0781603452176,176.57696533203125,121332800,186.38326232910157,153.29059307098387,41.4828763922141,-2.8471392279172676,-1.1657040097997173,-1.6814352181175503,188.25747528076172,205.01534994880745,171.499600612716,0.1514919051458501,0.1780314395808562
2025-12-01,174.3423041351479,179.8690716163194,173.2648835948944,179.48997497558594,188131000,186.44810699462892,153.51335666656493,44.56430371222914,-2.8847801185589503,-1.509519231551564,-1.3752608870073864,187.1316711425781,203.04788086588738,171.21546141926885,0.259939825503778,0.17010706553443317
2025-12-02,181.32557695606172,185.2162648499111,179.56978894419797,181.02630615234375,182632200,186.4052099609375,153.72604831695557,46.17416097552513,-2.758839524550467,-1.7593832901513446,-0.9994562343991225,185.86370925903321,199.28785155178429,172.43956696628214,0.31982449972607846,0.1444514622705846
2025-12-03,180.6472109015755,182.01393165685582,178.68191808959097,179.1607666015625,165138000,186.4283544921875,153.9266695022583,44.484832417424926,-2.7775463221896075,-1.9630158965589972,-0.8145304256306103,184.91099166870117,197.36295294105287,172.45903039634948,0.26910363992592645,0.13468059589082143
2025-12-04,181.19598816136636,184.08922700452197,179.53987513877786,182.95188903808594,167364900,186.5564517211914,154.14709407806396,48.60033986152568,-2.4581239741535796,-2.0620375120779135,-0.3960864620756661,184.32141494750977,195.94437542740837,172.69845446761116,0.4410853236663601,0.12611622456575156
2025-12-05,183.46070200471706,184.22890867632069,180.48766317737477,181.98416137695312,143971100,186.65082916259766,154.35829135894775,47.62969674138412,-2.257049139125627,-2.1010398374874564,-0.1560093016381705,184.03909912109376,195.60097495215305,172.47722329003446,0.41113303004775664,0.12564586423509747
2025-12-08,182.21361127014939,187.5610985176648,181.97416608957425,185.1168212890625,204378100,186.79788330078125,154.613477973938,51.038630845577956,-1.8238917210964587,-2.045610214209257,0.22171849311279823,183.90992584228516,195.36250929160775,172.45734239296257,0.552690969339705,0.12454557193551294
2025-12-09,185.12681175320978,185.28644189022677,182.89205072764324,184.53819274902344,144719700,186.86033996582032,154.88646724700928,50.38622680910182,-1.509896684853402,-1.938467508338086,0.4285708234846841,183.20812225341797,192.4958524716812,173.92039203515475,0.5716036353526959,0.10138993952916786
2025-12-10,184.53817644999398,185.04698034073257,181.61500881382975,183.3509521484375,162785400,186.804677734375,155.17172286987304,49.00216196412625,-1.3413910298965277,-1.8190522126497746,0.47766118275324687,182.74075241088866,190.94924762423918,174.53225719753814,0.5371687941388085,0.08983759894885288
2025-12-11,179.85912243695617,180.89670300875093,176.20766331092784,180.50759887695312,182136600,186.67897979736327,155.41957229614258,45.76019048856912,-1.420904626388932,-1.7394226953976062,0.3185180690086742,182.0992919921875,188.75328531191323,175.44529867246175,0.38039564824059907,0.07308093564703387
2025-12-12,180.6871989054384,182.39321360477518,174.21234434473615,174.61141967773438,204274900,186.40243743896485,155.69344570159913,39.86958191238738,-1.9373594358133914,-1.7790100434807634,-0.15834939233262801,181.5091926574707,188.60666319158295,174.41172212335843,0.014068220038121125,0.07820508074768452
2025-12-15,177.52459033283526,178.0034654802094,174.6213802569945,175.87843322753906,164775600,186.17657470703125,155.94986644744873,41.609037109360514,-2.2188387960810303,-1.866975794000817,-0.35186300208021337,180.81734085083008,187.24633355419272,174.38834814746744,0.11588791190354318,0.07111035560097526
2025-12-16,175.84850127733236,178.0733061224419,174.4916756985292,177.3050994873047,148588100,186.02074584960937,156.26757892608643,43.58790616657881,-2.300277011510758,-1.9536360375028052,-0.3466409740079528,180.37489471435546,186.48390831099496,174.26588111771596,0.24874869907480351,0.06773685003463292
2025-12-17,175.68889685369163,175.71882560019336,169.91240520818417,170.5409393310547,222775500,185.73961029052734,156.54184574127197,37.15805943723226,-2.87745902168777,-2.1384006343397983,-0.7390583873479715,179.855615234375,187.3069183449082,172.40431212384178,-0.12503670600602812,0.08285872087811338
2025-12-18,174.1225483861358,175.7387615308714,171.41888356310693,173.73345947265625,176096000,185.44111907958984,156.82554222106933,41.54123341086188,-3.0422016221068304,-2.319160831893205,-0.7230407902136253,179.23857803344725,186.57076520156198,171.90639086533253,0.12459233278093643,0.08181483304053537
2025-12-19,176.2575523358494,181.0263919449467,175.92832091222974,180.56747436523438,324925900,185.21027374267578,157.17697105407714,49.63892241767357,-2.5914409145131287,-2.37361684841719,-0.21782406609593874,179.25653915405275,186.59989110332492,171.91318720478057,0.5892600014433164,0.08193120300020199
2025-12-22,183.49062822521734,183.73007341419415,181.9243013805983,183.26116943359375,129064400,185.22105224609376,157.53129596710204,52.43565024226721,-1.9938670679023858,-2.297666892314229,0.3037998244118434,179.4969741821289,187.03167316559632,171.96227519866147,0.7497906857144674,0.08395349300787927
2025-12-23,182.54285710968043,188.88801027625055,182.47301321780614,188.76829528808594,174873600,185.23901977539063,157.94163215637207,57.61769346457109,-1.063645415437037,-2.050862596938791,0.9872171815017539,179.82970428466797,188.32387209406107,171.33553647527486,1.0261604905858706,0.0944690182657138
2025-12-24,187.50124372172942,188.4689804086018,186.154389299292,188.169677734375,65528500,185.41041900634767,158.34009845733644,56.892121117395746,-0.3704709294375732,-1.7147842634385473,1.344313334000974,180.36843795776366,189.5180515829664,171.21882433256093,0.9263152574619501,0.10145470824940304
2025-12-26,189.47662851874142,192.240166195598,187.5611125998212,190.085205078125,139740300,185.6241195678711,158.71328022003175,58.685020773831006,0.32964198507130504,-1.305899013736577,1.635540998807882,180.8812400817871,190.95539088909317,170.80708927448103,0.956810959672299,0.11138966984913361
2025-12-29,187.2717899684254,188.31932652162573,185.47598909796272,187.7805938720703,120006100,185.75222259521485,159.07573692321776,55.68429667905508,0.6905632664961843,-0.9066065576900247,1.5971698241862091,181.44142150878906,191.73939033201503,171.1434526855631,0.8077875099497254,0.11351287636078332
2025-12-30,187.80056616478433,188.5488153175326,186.49361152385626,187.10218811035156,97687300,185.8386245727539,159.40442825317382,54.79606810242043,0.9113488448372777,-0.5430154771845643,1.454364322021842,181.82203216552733,192.3631863236414,171.28087800741326,0.7504543556437708,0.11595024027140563
2025-12-31,189.12744593978846,190.11512498868174,186.05463453876877,186.06460571289062,120100500,185.91584716796876,159.7386047363281,53.393266526902664,0.9911731512063682,-0.23617775150637788,1.227350902712746,182.07394714355468,192.7667174321119,171.38117685499745,0.6866054568480965,0.1174552477859625
2026-01-02,189.39681300359115,192.47959571470966,187.8204997023152,188.4091339111328,148240500,186.06948944091798,160.10495223999024,56.12644044536592,1.2294460321107863,0.05694700521705498,1.1724990268937314,182.5363655090332,193.48212302356342,171.590607994503,0.768266878482538,0.11992960946720001
2026-01-05,191.31233377676458,193.1779786425506,185.7154296257417,187.6808319091797,183529700,186.22612396240234,160.45723457336425,55.046526258378535,1.3440181177677175,0.31436122772718755,1.0296568900405298,182.7728126525879,193.9461985990198,171.599426706156,0.7196298991246746,0.12226529519650292
2026-01-06,190.07524399309986,191.72138605392453,186.38388451934557,186.8029022216797,176862600,186.32768920898437,160.80009002685546,53.70508979179354,1.3484318494901686,0.5211753520797837,0.8272564974103849,183.0137496948242,194.31579734534768,171.71170204430075,0.6676312401089539,0.1235103665092885
2026-01-07,188.12978540958392,190.9232365533545,186.12446806753155,188.66851806640625,153543200,186.38476348876952,161.1564130783081,56.150501521231966,1.4853472126755207,0.7140097241989312,0.7713374884765896,183.19133453369142,194.72913478486024,171.6535342825226,0.7373582231222965,0.12596447621868115
2026-01-08,188.66850725549676,189.10748247384038,183.2811201033086,184.60800170898438,172457000,186.25627685546874,161.47393016815187,49.9643226259081,1.2517742155742724,0.8215626224739994,0.430211593100273,183.19482498168946,194.73429505919438,171.65535490418455,0.5612323060679261,0.12598030625219134
2026-01-09,184.64792389684447,185.9049768874807,183.2412119543349,184.42843627929688,131327500,185.93385498046874,161.7941403579712,49.70353781926204,1.0401858876643075,0.8652872755120611,0.17489861215224645,183.24869918823242,194.80063600321657,171.69676237324828,0.5510623071247327,0.12607933225346432
2026-01-12,182.79226917353867,186.6831584288149,182.59273912358015,184.5082550048828,137968500,185.49311737060546,162.1493125152588,49.82889312140727,0.8689248921956789,0.8660147988487846,0.0029100933468942936,183.4487319946289,194.94228504277717,171.95517894648063,0.5460920572522442,0.12530534196861917
2026-01-13,184.5681140987238,187.6708543554723,182.97184323887342,185.376220703125,160128900,185.1525405883789,162.52044521331788,51.251703963647884,0.7940832005378979,0.8516284791866073,-0.0575452786487094,183.98697204589843,194.76038269464115,173.2135613971557,0.5644758054121283,0.11711058156938557
2026-01-14,183.88970125566945,184.02937380837906,180.37791464347094,182.7124481201172,159586100,184.7666683959961,162.88703689575195,46.859611885606974,0.5139024873406015,0.7840832808174063,-0.2701807934768048,184.32867279052735,194.46645071789547,174.19089486315923,0.4202870351871205,0.10999675496919327
2026-01-15,186.06460797964908,189.25713440169068,185.895006678512,186.6133270263672,206188600,184.37122406005858,163.27956676483154,53.18642418963758,0.5997124682419326,0.7472091183023116,-0.14749665006037904,184.79408416748046,194.44218879542478,175.14597953953614,0.5942798056738291,0.10442005945601766
2026-01-16,188.63859508159712,189.99542077422674,185.64559857342888,185.7952423095703,187967200,184.12282653808595,163.65917839050292,51.793723294535646,0.594847860847608,0.7167368668113709,-0.12188900596376295,185.55679931640626,192.65109429882864,178.46250433398387,0.5168052635078503,0.07646494236328565
2026-01-20,181.47532662721457,181.95421697054311,177.19534884297914,177.65428161621094,223345300,183.78104370117188,163.9967387008667,40.44424586653682,-0.06516370009507,0.5603567534300827,-0.6255204535251527,185.752840423584,191.6441031934006,179.86157765376737,-0.18733641018911293,0.0634311998285722
2026-01-21,178.6320081827799,184.94723253133864,177.9835164834521,182.8920440673828,200381000,183.68627502441407,164.403479385376,48.29460330260694,-0.1636969645567774,0.4155460098327107,-0.5792429743894881,185.86906890869142,191.4289401038307,180.30919771355212,0.23227573653943073,0.059825674360811404
2026-01-22,184.31869154642928,185.7353746560278,183.5005985718231,184.40847778320312,139636600,183.62043884277344,164.85515796661377,50.33573953944203,-0.11806082730825551,0.30882464240451746,-0.42688546971277297,185.9264343261719,191.40050428323096,180.45236436911281,0.36135027914547524,0.058884256850275284
2026-01-23,187.06227125943187,189.15737478680413,186.38386606278428,187.23187255859375,142748100,183.39359100341798,165.30434547424318,53.97849325701019,0.1442674768613017,0.2759132092958743,-0.13164573243457262,185.84961318969727,191.20381107519827,180.49541530419626,0.6290818343341024,0.0576186067176364
2026-01-26,186.7230595290241,188.67847518398236,185.5557928402329,186.03466796875,124799600,183.2603173828125,165.75423007965088,52.2291296952576,0.25264777664349936,0.27126012276539935,-0.018612346121899992,185.74286270141602,190.99187798869292,180.4938474141391,0.5277961914153014,0.05651915999286349
2026-01-27,186.80288446054914,189.55643562401056,185.2664711415707,188.07989501953125,143711600,183.1551791381836,166.12441753387452,54.91712648975465,0.49783395543383335,0.31657488929908617,0.18125906613474718,185.64259719848633,190.62587978626183,180.65931461071082,0.7445474221172866,0.05368684410773949
2026-01-28,190.82345963399504,191.9009400606663,189.39679023846315,191.0728759765625,148552700,183.24836853027344,166.54328491210939,58.58931615633418,0.9230143831902069,0.4378627880773104,0.4851515951128965,185.80721130371094,191.25772446316154,180.35669814426035,0.9830430198779971,0.05866847816300805
2026-01-29,190.89331059974717,193.0283141326731,185.62563804704834,192.06057739257812,171764400,183.29527069091796,166.95033306121826,59.75435084790551,1.3244052656650638,0.6151712835948611,0.7092339820702027,186.05513076782228,192.133597841101,179.97666369454356,0.9939935145125759,0.06534049395137638
2026-01-30,190.76362243793778,194.0359639826301,189.0276790286862,190.68380737304688,179489500,183.38586639404298,167.35159461975098,57.33303312616222,1.513964556465794,0.7949299381690478,0.7190346182967462,186.28609085083008,192.69072223674095,179.8814594649192,0.8433231561063016,0.06876124091346604
2026-02-02,186.7629659025267,189.8557348322644,184.44839001538193,185.1766815185547,165794100,183.4708694458008,167.71788928985595,48.81258661450643,1.205911630022939,0.877126276539826,0.3287853534831131,186.12446823120118,192.46950654084287,179.77942992155948,0.42531276673252966,0.06818059301864575
2026-02-03,185.8052108647954,185.8351396091497,175.81857039871747,179.91897583007812,204019600,183.3477648925781,168.09634845733643,42.34276115247421,0.5313989218485062,0.807980805601562,-0.2765818837530558,185.7363754272461,192.58285048097616,178.889900373516,0.07515367020883643,0.07372250091541034
2026-02-04,179.04105715530034,179.16077214377114,171.50867959294058,173.78335571289062,207014100,183.21926696777345,168.459091796875,36.29667346461764,-0.492572456261513,0.547870153228947,-1.04044260949046,185.08539810180665,193.66016194264276,176.51063426097053,-0.1590293679629768,0.09265737793231581
2026-02-05,174.52161198787914,176.40721432559468,170.63072277473634,171.47874450683594,206312900,183.07979248046874,168.83315444946288,34.31469340995156,-1.473059501631127,0.14368422225693223,-1.6167437238880593,184.2259094238281,194.47442865591154,173.9773901917447,-0.12190276606432252,0.11126034621444905
2026-02-06,176.27751351666032,186.56344202919422,174.19239634754115,184.97715759277344,231346200,183.13706176757813,169.26483406066893,51.14267041174967,-1.1476638693344512,-0.11458539606134446,-1.0330784732731066,184.24436721801757,194.49690151686835,173.9918329191668,0.5357370360047469,0.11129278418285521
2026-02-09,183.82983865020864,193.20790343822367,183.52056478242866,189.59634399414062,196387400,183.3810885620117,169.70055770874023,55.357496651953234,-0.5111633747555118,-0.19390099180017795,-0.3172623829553338,184.50276260375978,195.0179583530641,173.98756685445545,0.7422009780805952,0.11398415504364971
2026-02-10,190.93321971968697,192.0306425866914,187.6808205923615,188.09983825683594,136764800,183.54650207519532,170.11024562835692,53.73999348281441,-0.12603480249427435,-0.18032775393899725,0.0542929514447229,184.6823417663574,195.3138106940798,174.05087283863503,0.6607255080982808,0.1151324899396425
2026-02-11,192.0007297023972,192.80883635229745,188.32932783046314,189.60633850097656,144192700,183.80708953857422,170.5046236038208,55.16037868011556,0.29731705909478023,-0.08479879133224176,0.382115850427022,184.89384765625,195.73829544154634,174.04939987095364,0.717276662584705,0.11730458230776915
2026-02-12,192.57938064366328,193.15802849168205,186.07459697001164,186.50360107421875,189932500,183.94736206054688,170.89485919952392,51.64335420164806,0.3781029444263595,0.0077815558194784945,0.370321388606881,185.0834053039551,195.90120913776943,174.26560147014075,0.565641593805963,0.11689652906535505
2026-02-13,187.04230481693136,187.0622623874058,181.16605622339495,182.38320922851562,161888000,183.9745001220703,171.26304649353028,47.327744708767256,0.10839563675909858,0.027904372007402513,0.08049126475169607,184.8718994140625,195.72712951272345,174.01666931540157,0.3853690726531038,0.1174351551865456
2026-02-17,181.32570855160378,186.71309627900055,178.7617008539599,184.53819274902344,162276900,184.08204864501954,171.64250747680663,49.69543666804257,0.06775873196903603,0.03587524399972922,0.03188348796930682,184.80904693603514,195.6567185002935,173.9613753717768,0.487515561039655,0.11739329588137394
2026-02-18,188.3093443160685,189.92555739322245,186.3239846890322,187.5411376953125,164749100,184.17383361816405,172.02356700897218,52.87441892263048,0.274699685675472,0.08364013233487777,0.1910595533405942,185.30338973999022,195.69325065155985,174.9135288284206,0.6076890236726092,0.112138919057533
2026-02-19,186.62328370338446,187.99008040371612,185.22655825948098,187.46131896972656,126554500,184.28337677001954,172.3898137283325,52.778945271831276,0.4273351250206474,0.1523791308720317,0.2749559941486157,185.53185348510743,195.90050051121358,175.1632064590013,0.5930432620457196,0.11177214943242544
2026-02-20,186.13444888465776,189.88566546751952,185.5059147845697,189.37686157226562,178422300,184.3685775756836,172.76902965545654,54.88435581919965,0.6948581967896814,0.26087494405556166,0.43398325273411975,185.78027267456054,196.26675996162484,175.29378538749623,0.6714868286800715,0.11289128965198525
2026-02-23,190.9531547742145,193.49720463285962,189.13741163084848,191.10281372070312,171584800,184.4998699951172,173.15827178955078,56.755278477652546,1.0342202255804978,0.4155440003605489,0.6186762252199489,185.97381973266602,196.70047037300407,175.24716909232797,0.7390771434630908,0.11535656637861626
2026-02-24,191.04296985904048,193.31764595479845,186.96250644177093,192.39979553222656,175123600,184.68084686279298,173.53644313812256,58.15943659219517,1.391779108024366,0.6107910218933124,0.7809880861310536,186.29207611083984,197.37872474623057,175.2054274754491,0.7754538193755728,0.1190243714799164
2026-02-25,193.9960453222018,197.16862939564908,193.33758246616242,195.10345458984375,250637100,184.9727639770508,173.92658668518067,61.00210862403487,1.8717336090307697,0.862979539320804,1.0087540697099657,186.64325408935548,198.3611588903098,174.92534928840115,0.860994590935713,0.12556472890624143
2026-02-26,193.81648130196652,193.83642365132246,183.8897126034445,184.4583740234375,360807900,185.16970306396485,174.26709579467774,47.35899680534227,1.3772558240771389,0.965834796272071,0.41142102780506784,186.31252899169922,197.88414109767285,174.7409168857256,0.41988346345862426,0.12421721897714327
2026-02-27,180.82685580423004,182.16372380185732,175.96823012244815,176.77633666992188,311636500,185.1876611328125,174.5375245666504,40.34630842590527,0.36133713445605053,0.844935263908867,-0.48359812945281644,185.5483169555664,197.51267683406607,173.58395707706674,0.1334120515127575,0.12896220321270596
2026-03-02,174.60140889187144,183.03169334881736,174.23227758067924,182.05397033691406,209095300,185.2826385498047,174.79977867126465,46.23634928829235,-0.017720545053492742,0.672404102116395,-0.6901246471698878,185.11682510375977,196.93074086959297,173.30290933792656,0.37037089024691855,0.1276374069100568
2026-03-03,178.07331350693755,180.4776756968921,176.50697142699124,179.62966918945312,178099400,185.46441314697265,175.0229293823242,44.08314345583589,-0.5078926584831436,0.43634474999648726,-0.9442374084796308,184.8394744873047,196.89277161763027,172.78617735697912,0.2838846399652785,0.13041908027230872
2026-03-04,180.01876499488523,184.26881453838726,179.63964723402094,182.61268615722656,177731200,185.64199768066408,175.26353874206544,47.3332131561362,-0.6481812210517148,0.21943955578684687,-0.8676207768385618,184.97416000366212,196.8636035064039,173.08471650092034,0.40069031212894923,0.12855248000592512
2026-03-05,180.74703993972415,183.63029235671348,177.46472744924466,182.91197204589844,198779700,185.68888763427734,175.50280166625976,47.66190056969566,-0.7268325741552246,0.030185129798432575,-0.7570177039536572,185.4305908203125,196.21619484341173,174.64498679721325,0.38324164464873767,0.11633036356499339
2026-03-06,179.42014994688597,182.3333312190456,176.40721126414203,177.40487670898438,189021900,185.57176177978516,175.71368118286134,42.41624783563349,-1.2194834608801273,-0.2197485883372794,-0.9997348725428479,185.7268974304199,195.21002339197395,176.24377146886587,0.06121954115266371,0.1021190370673883
2026-03-09,176.4171820751478,182.48298979408452,175.1501427003192,182.2235870361328,177213600,185.44086761474608,175.95458930969238,47.82710448939839,-1.2071677083037002,-0.4172324123305636,-0.7899352959731367,185.5892189025879,195.1910974309546,175.9873403742212,0.3247409683161454,0.10347452923336616
2026-03-10,181.97417604353973,186.00475307627937,181.5850871183009,184.33865356445312,179118500,185.36424713134767,176.21894035339355,50.04588935989924,-1.015038461623618,-0.5367936221891745,-0.4782448394344436,185.32633438110352,194.7614290080845,175.89123975412255,0.44765919920792396,0.10182141311421744
2026-03-11,185.4860219488843,187.1921136401388,184.02934488988058,185.60574340820312,145280400,185.27465789794923,176.4844898223877,51.37988466572923,-0.751864067582261,-0.5798077112677917,-0.17205635631446925,185.20162963867188,194.5523491115301,175.85091016581364,0.5216086992398952,0.10097880338419776
2026-03-12,183.63026415055788,184.5182338343672,181.3355064165816,182.7223358154297,155762700,185.1734927368164,176.74330291748046,48.223942104128234,-0.7671204720436435,-0.6172702634229621,-0.14985020862068144,184.85742950439453,194.0395396796432,175.67531932914585,0.38373621922332146,0.09934261446635986
2026-03-13,184.49829181300376,185.66562182453413,179.52965286608148,179.8389434814453,160988400,185.02822784423827,176.96670196533202,45.231929202693166,-1.00034558512138,-0.6938853277626457,-0.3064602573587344,184.52419662475586,193.92430486281168,175.12408838670004,0.25078727687716634,0.10188483039079871
2026-03-16,182.55272468439094,188.44925014875608,180.99628481489137,182.80215454101562,217307400,184.96297882080077,177.20835845947266,48.75101269209578,-0.9352903546026425,-0.7421663331306451,-0.19312402147199748,184.54514389038087,193.92792600001547,175.16236178074627,0.4071176688854643,0.10168549452818917
2026-03-17,184.63797319169822,184.9771941770484,181.2656763194747,181.51510620117188,182497800,184.82509826660157,177.42173477172852,47.328545554529335,-0.9763331001996676,-0.7889996865444496,-0.18733341365521794,184.39398956298828,193.86929565883835,174.9186834671382,0.34808494138900276,0.10277239641385756
2026-03-18,182.06384475172882,182.96180140975886,179.91875397930713,179.98858642578125,156683100,184.6712533569336,177.64772735595704,45.62802256580535,-1.1191364516222109,-0.8550270395600019,-0.26410941206220895,184.01636199951173,193.56160282361722,174.47112117540624,0.28901655558240286,0.10374339238519256
2026-03-19,177.6040222894031,179.56953069628346,175.3890840362079,178.15277099609375,170968500,184.49825073242187,177.85331909179686,43.599177381675354,-1.364712542408455,-0.9569641401296926,-0.4077484022787624,183.5509346008301,193.28478922898967,173.8170799726705,0.22271192600721046,0.10606161880164632
2026-03-20,177.59406866914642,177.85347025510498,171.32839150930033,172.30615234375,241323500,184.17100341796876,178.01052612304687,37.82999832512605,-2.007960112386229,-1.1671633345809997,-0.8407967778052292,182.6973991394043,193.201425766038,172.1933725127706,0.005368409419938287,0.1149882447819498
2026-03-23,176.85574153065542,177.96321071223454,174.36144294367455,175.23944091796875,182836300,183.98363220214844,178.17890846252442,41.978215728914435,-2.255051739782857,-1.3847410156213713,-0.8703107241614858,181.90423049926758,192.1420104693627,171.66645052917247,0.17450025294707952,0.11256230756146532
2026-03-24,174.4312942297872,175.81812366395545,173.58322660302642,174.80044555664062,147667800,183.79107238769532,178.3547213745117,41.53158463367869,-2.4579630238060304,-1.599385417258303,-0.8585776065477273,181.02426300048828,190.49929031181867,171.54923568915788,0.17156730849708965,0.10468240173202457
2026-03-25,176.69612335614488,180.8067226806179,176.44669348987364,178.2725067138672,162602100,183.666357421875,178.53926643371582,46.38987963078109,-2.311954586794087,-1.74189925116546,-0.5700553356286271,180.18271560668944,187.16934854800368,173.1960826653752,0.36329545942462743,0.07755053438716022
2026-03-26,175.66847416549638,176.10745794358192,170.74970926821888,170.8494873046875,186152200,183.37582275390625,178.68215782165527,38.940184843931405,-2.7633631478526866,-1.9461920305029055,-0.8171711173497811,179.50227127075195,187.29499871417883,171.70954382732506,-0.05518328010836667,0.08682594808700483
2026-03-27,169.61230999497113,170.58009909933227,166.629123297364,167.13796997070312,196212700,183.06433319091798,178.7998583984375,35.84097731474452,-3.3816149628135292,-2.23327661696503,-1.148338345848499,179.020352935791,188.44832542829073,169.5923804432913,-0.1301663997503564,0.10532849855213097
2026-03-30,168.3950875250076,169.0635577295173,163.89537828689438,164.79331970214844,185627000,182.6279330444336,178.91142204284668,34.00002255178403,-4.014500993532948,-2.589521492278614,-1.4249795012543345,178.15732040405274,189.31745000611986,166.99719080198562,-0.09873859795628981,0.12528398582507244
2026-03-31,166.58921042239905,174.22175778800025,166.57923870897636,174.00225830078125,226181300,182.3920733642578,179.0582070159912,45.77987780762038,-3.729986388723802,-2.817614471567652,-0.91237191715615,177.87594985961914,189.15651550275385,166.59538421648443,0.3283024237709481,0.12683632219012636
2026-04-01,175.5986119754623,176.9654826629128,174.35146274268203,175.34918212890625,168132000,182.34597137451172,179.2268394470215,47.262511126890594,-3.357122203353697,-2.925516017924861,-0.4316061854288358,177.5127746582031,188.62642181850822,166.399127497898,0.4026605533679069,0.1252151816307777
2026-04-02,171.78733317216196,177.0852364118599,170.97918282725632,176.98545837402344,143143200,182.22783966064452,179.39008659362793,49.08399713269886,-2.8962051815489076,-2.9196538506496705,0.02344866910076293,177.21644897460936,188.050989277141,166.3819086720777,0.4893400830060159,0.12227465751877203
2026-04-06,176.75597747742694,177.3845303646084,175.35916114415525,177.23487854003906,107564300,182.08436767578124,179.55742385864258,49.37105200152689,-2.4821859041388166,-2.8321602613474997,0.3499743572086831,177.20794906616212,188.04215145955354,166.3737466727707,0.5012427990958234,0.12227670881001369
2026-04-07,175.32922705160684,177.8235255680002,173.26395579650787,177.69383239746094,132534900,181.8936068725586,179.72027244567872,49.93043157951076,-2.0929131038193134,-2.6843108298418628,0.5913977260225494,176.98146133422853,187.5734699446512,166.38945272380585,0.5336277607691627,0.11969624988483658
2026-04-08,184.079243714486,184.83750503722598,179.8888249511496,181.66476440429688,147732700,181.80620880126952,179.91110580444337,54.60385165563685,-1.447306925202355,-2.436910048913961,0.9896031237116061,176.8477668762207,187.1278524594047,166.5676812930367,0.7342878125429103,0.11625915062166692
2026-04-09,181.42531387192042,183.66021107746678,180.2080948395415,183.4906005859375,116428500,181.71442291259766,180.10947227478027,56.609300837917736,-0.7793458428479028,-2.1053972077007495,1.3260513648528467,176.74200973510742,186.6979345368544,166.78608493336043,0.8389233539432667,0.11266053629998277
2026-04-10,183.88967366981893,189.56669990817062,183.87970195572368,188.1998291015625,160459500,181.65696197509766,180.3127805328369,61.35167650972516,0.1285318764009844,-1.6586113908804028,1.7871432672813872,177.01588439941406,187.87516035375418,166.15660844507394,1.0149489132228267,0.122692672368741
2026-04-13,185.605746824658,189.2274732756209,185.3164148846483,188.87826538085938,133648200,181.59331573486327,180.48750938415526,61.99610013402875,0.8924876060538338,-1.1483915914935556,2.0408791975473894,177.46785049438478,189.45351129561553,165.48218969315403,0.9760027451011678,0.13507416433840208
2026-04-14,190.40477641072036,196.0618438720703,190.33494396561244,196.0618438720703,161307000,181.70087646484376,180.69461471557617,68.06751572563837,2.053906617404891,-0.5079319497138662,2.5618385671187576,178.1308349609375,192.46102090683848,163.80064901503653,1.1256376916121529,0.16089506287941063
2026-04-15,196.09178511161633,199.94298301571828,195.2936216855987,198.41647338867188,185338400,181.9656723022461,180.89987663269042,69.77216584425611,3.128277637680611,0.2193099677650293,2.9089676699155818,178.9759033203125,195.78389052981169,162.16791611081334,1.0783134478283147,0.18782402432597847
2026-04-16,196.97974400923295,199.39423847906178,195.36344336942167,197.8976593017578,134012900,182.3252459716797,181.10134735107422,68.89941170169251,3.8929845481976884,0.9540448838515612,2.938939664346127,179.87135696411133,198.5984109126577,161.14430301556496,0.9812903937580028,0.20822719375250912
2026-04-17,199.44410763257105,201.2400056483541,198.8155547450397,201.2200469970703,160324400,182.8739797973633,181.34282264709472,71.36923508970898,4.712783174032921,1.7057925418878335,3.006990632145088,181.02472076416015,201.9039966866985,160.1454448416218,0.9836213264251688,0.23067872536303988
2026-04-20,199.52392392325544,201.70893187328167,197.38880498867078,201.59918212890625,119381400,183.47638854980468,181.56649200439452,71.64595519800591,5.3316130119245315,2.430956635895173,2.9006563760293584,182.48937225341797,204.77888440911926,160.19986009771668,0.9286726811694779,0.24428285198711142
2026-04-21,201.66904795828867,202.28762917830338,198.54618104306965,199.42417907714844,107945300,183.76532897949218,181.76886192321777,67.60892214724664,5.582187564412521,3.061202821598643,2.5209847428138783,183.69860916137696,206.8895248849645,160.50769343778944,0.8390459027837561,0.2524887458806461
2026-04-22,200.53164182940822,202.03819274902344,198.54617460274403,202.03819274902344,107501000,184.01416595458986,181.9897883605957,69.81061891493395,5.9234172923015365,3.633645715739222,2.2897715765623143,185.06049652099608,209.18169519568255,160.93929784630961,0.8519248039245304,0.2606844694372663
2026-04-23,201.99828375930824,203.3651545152774,196.77022843278436,199.18470764160156,113561800,184.23586334228514,182.18766899108886,64.64503172102023,5.89563074812051,4.086042722215479,1.8095880259050308,186.10610656738282,210.76664854964315,161.4455645851225,0.7651726203671211,0.2650159356628265
2026-04-24,199.50398270942756,210.46890943516505,199.35431566144254,207.79502868652344,214134400,184.5996371459961,182.41423637390136,71.49829564700482,6.493537205714659,4.567541618915316,1.9259955867993437,187.9533836364746,213.29152845513698,162.6152388178122,0.8915370519832772,0.2696215873151774
2026-04-27,209.17187844164343,216.33551207209098,206.90706623150768,216.1160125732422,187172400,185.19188537597657,182.67632354736327,76.28292363860841,7.55176420242023,5.164386135616299,2.3873780668039313,190.40228576660155,216.67020423743423,164.13436729576887,0.9894511690218735,0.27592020090591096
2026-04-28,209.01225288404052,214.2402930542568,207.72518626919629,212.68385314941406,180275400,185.79789825439454,182.91715995788573,70.98936087124115,8.021008941500469,5.735710696793133,2.2852982447073362,192.79681243896485,217.9999536971606,167.5936711807691,0.8945349610731993,0.26144769656059025
2026-04-29,212.2149257168926,212.23488436877426,207.10660696252424,208.77279663085938,123711800,186.28259033203125,183.14268074035644,65.41837789476227,7.985250209197147,6.185618599273935,1.7996316099232121,194.53533935546875,219.10173483897913,169.96894387195837,0.7897750564373025,0.25256486111884197
2026-04-30,209.45122654333912,209.82039307402036,198.24684193288383,199.1148681640625,225239200,186.51406494140625,183.2868430328369,54.123124004601706,7.095801065919318,6.367655092603012,0.7281459733163054,195.72362365722657,218.7112812091019,172.73596610535122,0.5737622895935144,0.23489916160691915
2026-05-01,200.82098460367052,202.5370634031337,196.6704677294345,197.9974365234375,128647000,186.72478729248047,183.4220764160156,52.98325093916515,6.228935525741036,6.339911179230618,-0.11097565348958138,196.77422256469725,218.10091112196642,175.4475340074281,0.5286780096088409,0.21676303206083997
2026-05-04,199.04502180842945,201.2699318245734,194.29588290907526,198.02734375,125368100,186.89779693603515,183.5493292236328,53.011774421112044,5.4811681089084345,6.168162565166182,-0.6869944562577475,197.8138458251953,217.16484704688665,178.46284460350395,0.5055164568065186,0.19564860226004094
2026-05-05,198.84548202478717,199.7833407086998,195.58293528206713,196.05186462402344,113406600,186.99677795410156,183.66964744567872,50.818694614814575,4.675258913489785,5.869581834830902,-1.1943229213411177,198.73174743652345,215.7831110856219,181.680383787425,0.42141734621202265,0.17160180865963345
2026-05-06,199.43413852494058,207.7950323152332,198.15705885791613,207.3560333251953,188362800,187.29590270996093,183.85162391662598,60.80974322962308,4.892326318728351,5.674130731610393,-0.7818044128820416,200.01631088256835,215.53300733379726,184.49961443133944,0.7365104732729906,0.15515431099355614
2026-05-07,207.86487247229027,213.7115092245668,206.02907228582575,211.01766967773438,168307900,187.61418701171874,184.0736053466797,63.40317983599187,5.298736714844523,5.599051928257219,-0.30031521341269585,201.3926643371582,215.6326303602248,187.15269831409162,0.837957454567838,0.14141494249489625
2026-05-08,212.5441790763045,217.30330524675068,212.40449895841255,214.709228515625,136421400,188.2192041015625,184.29534049987794,65.85634508103746,5.851248280467047,5.6494911986991845,0.20175708176786245,202.71813430786133,216.7325963295828,188.70367228613986,0.9278114346871924,0.1382654992319352
2026-05-11,213.55186573785767,221.79303819063418,213.40221390900197,218.93955993652344,160685800,189.06246856689452,184.5234634399414,68.46504957046994,6.5549091557077475,5.830574790100897,0.7243343656068504,204.22119903564453,218.42284918471415,190.0195488865749,1.0181919265150725,0.13908105736457735
2026-05-12,218.05159434962442,223.23973257586303,214.42986778297353,220.27650451660156,159176600,189.8269192504883,184.75946815490724,69.26429785225191,7.138161441492798,6.092092120379277,1.0460693211135208,205.4319320678711,220.73104709245888,190.1328170432833,0.9851448082086185,0.14894583203874298
2026-05-13,224.41703053540263,227.32039781394542,221.0647077692387,225.3149871826172,150405400,190.74062561035157,185.00445503234863,72.13099652621253,7.91570915509206,6.456815527321834,1.4588936277702258,206.77685775756837,223.9830038727107,189.57071164242603,1.0387066139329793,0.16642235791507534
2026-05-14,229.32582552778115,236.00055597235212,228.77707677625682,235.202392578125,180782900,191.79241973876952,185.30506378173828,76.71974184304534,9.223430339404445,7.010138489738356,2.2132918496660885,208.64209442138673,229.32951102691808,187.95467781585538,1.1419433287198517,0.19830530040356806
2026-05-15,229.23601388526635,230.97205119780003,223.72861351776262,224.80615234375,180977600,192.63030334472657,185.53493728637696,64.66353697093274,9.313558196287033,7.470822431048092,1.842735765238941,209.8213996887207,231.35379756416194,188.28900181327947,0.8479582892186882,0.20524501225695277
2026-05-18,229.34577348371204,229.4754818886306,217.8719993892805,221.81300354003906,146280900,193.51846588134765,185.75682792663574,61.65926982071968,9.039264069089512,7.784510758656377,1.2547533104331352,210.83209075927735,232.6219258383021,189.0422556802526,0.7519732880248395,0.20670321107713938
2026-05-19,219.11914008419038,223.96805720569674,217.41304835521052,220.1068878173828,140948200,194.27613189697266,185.99088714599608,59.94953111272217,8.585249307009605,7.944658468327023,0.6405908386825816,211.86622619628906,233.35332582995574,190.3791265626224,0.6917583517922079,0.20283647865384058
2026-05-20,222.6710257508039,225.61431038954527,219.9971448577806,222.9603729248047,184201600,195.04856628417969,186.2078907775879,61.854661266361184,8.359330578256873,8.027592890312993,0.33173768794388003,212.91233520507814,234.42084618265835,191.40382422749792,0.7335828298435049,0.20204100393585106
2026-05-21,221.78305837384474,226.8814055684356,217.43300079554024,219.0093994140625,203381800,195.71663940429687,186.41381828308104,57.75789141331593,7.771888324636336,7.976451977177662,-0.20456365254132614,213.90356979370117,234.602148177816,193.20499140958634,0.6233376883573757,0.19353186488731838
2026-05-22,220.39621757095847,220.50596731800164,214.3101381389001,214.83892822265625,169275700,196.3589712524414,186.59310752868652,53.713802261249874,6.890385856250106,7.759238752992152,-0.8688528967420464,214.25576477050782,234.76544799826883,193.74608154274682,0.514216783498613,0.1914504680863938
2026-05-26,216.04617181279934,217.68243116855118,211.5165320236786,214.37001037597656,187202600,197.04959259033203,186.76331855773927,53.26223226830451,6.083820551582733,7.4241551127102685,-1.340334561127536,214.16846466064453,234.66058819385918,193.67634112742988,0.5049176385991758,0.1913645275991958
2026-05-27,213.63168066177133,213.66161102691768,208.30386252985457,212.1151580810547,167601200,197.63585266113282,186.91262908935548,51.04016467396019,5.20269062210221,6.979862214588657,-1.7771715924864466,214.14002990722656,234.64189060507115,193.63816920938197,0.45061736454036205,0.19148088012060857
2026-05-28,210.79817024571656,215.0285063161196,210.73830951283205,213.7613983154297,143996000,198.28077850341796,187.07336303710937,52.59512982326009,4.584380745939683,6.500765920858862,-1.9163851749191796,214.38945999145508,234.7449178436878,194.03400213922237,0.4845726467912264,0.18989233755282584
2026-05-29,214.09065053210412,217.36316924965476,210.64852132770383,210.6584930419922,289410600,198.89417663574218,187.21309577941895,49.40980421164391,3.8001810690601303,5.960648950499117,-2.1604678814389864,214.96664123535157,234.17948858803996,195.7537938826632,0.3878836615345158,0.1787518960363121
2026-06-01,215.23801892090273,224.35717434911126,215.20808855445495,223.8483428955078,212850700,199.80808807373046,187.42660858154298,60.39116951930493,4.194654460741987,5.607450052547691,-1.412795591805704,216.2591865539551,234.16552489991963,198.35284820799055,0.7119125695863736,0.16560071857568964
2026-06-02,226.66188583823322,231.75026086454594,220.84519513709748,222.3118438720703,193362900,200.80820190429688,187.63029426574707,58.7902395708212,4.333342757645937,5.35262859356734,-1.0192858359214032,217.4734115600586,233.4604843757697,201.48633874434748,0.6513232712387725,0.14702553936158805
2026-06-03,221.2143597561905,222.31185725112735,214.02079575535723,214.26025390625,160907000,201.5886181640625,187.801552734375,51.139714651344846,3.750326779227265,5.032168230699325,-1.2818414514720597,218.38383102416992,231.13370885132613,205.6339531970137,0.3382895438755878,0.11676576756953314
2026-06-04,213.67091279390368,221.35231998810906,210.73419644348996,218.4156036376953,169022200,202.4609213256836,187.9858070373535,54.43524742886563,3.5822900022996578,4.742192585019392,-1.1599025827197345,218.93680953979492,230.64210667973668,207.23151239985316,0.4777363233129252,0.10692854403557166
2026-06-05,214.2902104723603,214.62982678346356,204.10161444712602,204.87075805664062,219655500,202.99288635253907,188.13410919189454,44.01415660823056,2.3293129369611734,4.259616655407749,-1.9303037184465754,218.62946395874025,231.42260046015883,205.83632745732166,-0.037737790125743007,0.11703030570328717
2026-06-08,209.94507132882276,210.23475572682116,205.76975069388217,208.40679931640625,138372800,203.74403259277344,188.30128860473633,46.87353635498734,1.6031682376948027,3.72832697186516,-2.1251587341703573,218.3143424987793,231.77146183011658,204.85722316744202,0.1318846946945926,0.12328204530504015
2026-06-09,210.3845825512031,211.16370951624515,199.11719156565087,207.95730590820312,180962500,204.56041931152345,188.4683154296875,46.54808497535351,0.9801247029975855,3.178686518091645,-2.1985618150940596,217.76522979736328,231.95196387118176,203.5784957235448,0.15432763319146853,0.1302938406376412
2026-06-10,204.20149632565034,206.98838641050182,199.696542748819,200.19598388671875,161746600,205.26847259521483,188.5815224456787,41.22551319853867,-0.13832113020833958,2.5152849884316484,-2.653606118639988,216.76120376586914,232.81441312799413,200.70799440374415,-0.0159472945713089,0.14811884306994885
2026-06-11,201.26479475008583,205.43013200106668,199.31696212361035,204.64100646972656,158643200,205.88124755859374,188.70787681579588,45.09750760255241,-0.6584313503980468,1.8805417206657096,-2.538973071063756,215.7275047302246,232.1036395119858,199.35136994846343,0.16150442676969273,0.15182240949980075
2026-06-12,204.6310298517525,206.83856645475237,203.21261880599855,204.96066284179688,112001800,206.47347717285157,188.8260535430908,45.376197919114624,-1.0329219678698678,1.2978489829585942,-2.330770950828462,214.2154182434082,228.5807547771753,199.85008170964113,0.17787892125404933,0.1341204722943338
2026-06-15,208.68648640498938,212.47225882321928,208.10713284720606,212.21253967285156,149936700,207.17801879882813,188.98133750915528,51.40305043981142,-0.7360578102166926,0.8910676243235369,-1.6271254345402295,213.5857376098633,227.11889975639022,200.05257546333635,0.44926544431583076,0.1267234628863344
2026-06-16,210.94395209283806,211.25361840198772,207.05830064217733,207.1781768798828,125694100,207.776884765625,189.11858215332032,47.486051360418315,-0.8966853988424361,0.5335170196903424,-1.4302024185327786,212.85399627685547,226.1083722385888,199.59962031512214,0.2858888485825626,0.12453960173238746
2026-06-17,208.29691745433288,208.9761653200819,202.8530121596522,204.42124938964844,128363500,208.31143310546875,189.2719189453125,45.44382006565433,-1.232240427341793,0.18036553028391533,-1.4126059576257084,212.06971435546876,225.37082131989584,198.76860739104168,0.21248765285943372,0.12544089102823913
2026-06-18,207.09826842291386,211.1537281092123,206.26919428756833,210.4545135498047,241272000,208.88722808837892,189.47238052368164,50.46454790883919,-0.9998110103719284,-0.05566977784725344,-0.944141232524675,211.44442138671874,223.7795730763338,199.10926969710368,0.45987451707839727,0.11667512066496975
2026-06-22,211.2036686200953,213.7508214450341,207.48782537372824,208.41677856445312,122041400,209.3857516479492,189.66345138549804,48.83002971101949,-0.9688686909464366,-0.2383095604670901,-0.7305591304793465,210.91479034423827,222.80686656087022,199.02271412760632,0.39497158720310377,0.11276664094749024
2026-06-23,201.94403040148535,203.54224815949766,199.77645766483005,199.81640625,153496200,209.61808319091796,189.80633308410646,42.56390451832661,-1.6196544806868474,-0.5145785445110416,-1.1050759361758058,210.16366424560547,222.84119434262664,197.4861341485843,0.09190560320433518,0.12064435726820698
2026-06-24,199.89631590195674,201.44458647582786,196.36027935647695,198.77757263183594,151810700,209.8160693359375,189.9671639251709,41.8650652855285,-2.193941704517215,-0.8504511765122762,-1.3434905280049387,209.38404235839843,222.82571171553425,195.9423730012626,0.10546307736204642,0.12839249071453104
2026-06-25,199.85637045714446,200.5755669254449,191.9152592982058,195.52122497558594,149550000,209.80525695800782,190.1052788543701,39.66654898917548,-2.8786452774809845,-1.256089996706018,-1.6225552807749666,208.554345703125,223.21274368814414,193.89594771810584,0.05543843396601466,0.14057149406884314
2026-06-26,192.90414096411192,195.33143282930595,191.0062707295152,192.31480407714844,179304100,209.68322357177735,190.21514167785645,37.57416356215435,-3.638071735063221,-1.7324863443774587,-1.9055853906857623,207.48201599121094,223.53165556678724,191.43237641563465,0.027490575640609125,0.15470872980389938
2026-06-29,193.63333194293918,195.96071419295149,189.58785574691487,194.7520751953125,148835700,209.62031188964843,190.30442100524903,40.15815025459117,-3.9971782808930527,-2.1854247316805777,-1.811753549212475,206.68669509887695,223.58205145680452,189.79133874094939,0.146807689322145,0.16348760475215873
2026-06-30,197.0195429632178,200.4057532237791,194.89191886651452,199.86634826660156,166476700,209.59323791503905,190.42002006530763,45.27687252692472,-3.8250014745783005,-2.5133400802601225,-1.311661394318178,205.48759536743165,220.65666590457874,190.31852483028456,0.31471352885252984,0.1476397688144954
2026-07-01,195.98069896251877,199.62662840490702,193.23377271109229,197.35916137695312,146147600,209.5084375,190.51984085083006,43.32056059503898,-3.84651886852501,-2.7799758379131,-1.0665430306119097,204.23996124267578,217.674154839698,190.80576764565356,0.24390722390483383,0.13155303707739982
2026-07-02,196.9196593659626,199.8363939026278,192.1350197738411,194.61224365234375,142068700,209.4121987915039,190.6062762451172,41.219180274367105,-4.038669592599973,-3.0317145888504746,-1.0069550037494985,203.25756072998047,216.48913095879314,190.0259905011678,0.17330721418041017,0.13019510990186764
2026-07-06,194.20269428466304,197.32920075051607,193.77318221313826,195.33143615722656,108999000,209.27806365966796,190.7106233215332,42.01228542399397,-4.085818825117059,-3.2425354361037915,-0.8432833890132674,202.10335235595704,213.78055664583226,190.42614806608182,0.21003692191109027,0.11555675998197792
2026-07-07,192.15498377986222,198.18824142626735,190.92636281467173,196.7098846435547,124154600,209.22856719970704,190.8447578430176,43.58348536918241,-3.9662353664975285,-3.387275422182539,-0.5789599443149895,201.69530868530273,213.52650868400733,189.86410868659814,0.28931029640721545,0.11731755265725438
2026-07-08,194.9618356993413,204.93069180759116,194.84197470333905,203.891845703125,147419100,209.15050354003907,190.98512313842772,51.02865628337435,-3.254425388564954,-3.360705415459022,0.10628002689406824,201.46956100463868,212.94691170172473,189.99221030755263,0.6055245571219371,0.11393632506919292
2026-07-09,204.23147485952867,204.36131918975943,198.73762239526957,202.5533447265625,132037400,208.87925018310546,191.11665115356445,49.71194810816671,-2.7664270462801426,-3.241849741623246,0.47542269534310355,201.19936294555663,212.30135833844938,190.09736755266388,0.5609792083805341,0.11035815651063349
2026-07-10,201.7742207048944,210.7641612313501,201.69430829342895,210.72421264648438,148421000,208.84005737304688,191.2544164276123,57.005261748280404,-1.7007588010629036,-2.9336315535111774,1.2328727524482739,201.72577438354492,213.56169699876764,189.8898517683222,0.8801325234826287,0.11734665688003627
2026-07-13,208.3069001369788,210.33464515051216,202.77309911383117,203.30250549316406,121411000,208.73065155029298,191.38091125488282,49.92287021947912,-1.438496686116963,-2.6346045800323346,1.1961078939153715,201.6588493347168,213.4431036123555,189.8745950570781,0.5697395066213992,0.11687316789236449
2026-07-14,207.96729575339148,212.31243993744155,203.57221964678251,211.5632781982422,124379600,208.97961975097655,191.55599250793458,56.41391221628059,-0.5576485262970721,-2.2192133692852822,1.6615648429882102,201.98898010253907,214.47384499247732,189.50411521260082,0.8834361917452223,0.12361926758182895
2026-07-15,211.7230919717581,213.57101502024952,205.80969553973085,212.26248168945312,124797200,209.26492065429687,191.73097846984862,56.92287879004711,0.19460656147950317,-1.736449383132325,1.9310559446118283,201.99147720336913,214.48453764873966,189.4984167579986,0.9110683899672498,0.12369888688711617
2026-07-16,209.93509060438328,210.84407715298516,205.61992700554663,207.16818237304688,122986100,209.4477374267578,191.87799880981444,52.145156515542475,0.3753796157052989,-1.3140835833648004,1.6894631990700992,201.99097747802733,214.48320877866632,189.49874617738834,0.7072169803145865,0.12369098319748367
2026-07-17,202.41350482950477,206.41901728963356,197.74872640584337,202.58331298828125,144281900,209.57836639404297,191.98383857727052,48.22224374024435,0.1469885293116988,-1.0218691608295005,1.1688576901411993,201.899080657959,214.3454050440968,189.4527562718212,0.5274873251369027,0.1232925315516751
2026-07-20,205.63989694335598,207.50781723343968,202.05391309694542,203.05279541015625,88701500,209.4923016357422,192.06843223571778,48.648260697489306,0.003826150214848667,-0.8167300986206307,0.8205562488354794,201.52899475097655,213.36074278595828,189.69724671599482,0.5643945702137347,0.11741980899177185
2026-07-21,207.30802440628602,208.4167843613107,203.78197113093626,207.0583038330078,108685600,209.41311431884765,192.1697612762451,52.257470134641316,0.21114602767167412,-0.6111548733621698,0.8223009010338439,201.4610710144043,213.14859195085714,189.77355007795146,0.7394533814757073,0.11602758664593016
2026-07-22,205.57996827489498,214.15038042761168,204.72092886821054,211.82298278808594,137645600,209.3553894042969,192.28668350219726,56.20097221308803,0.7512582582475602,-0.3386722470402238,1.089930505287784,202.0613998413086,214.5549752111549,189.5678244714623,0.8906641076635787,0.12366117803458038
2026-07-23,209.22588688656515,210.63429930291466,205.72979894313582,208.5266571044922,110505300,209.14713134765626,192.39345893859863,52.94286593104065,0.902907008204096,-0.09035639599135986,0.9932634041954558,202.5488540649414,215.25090843063256,189.84679969925023,0.7353085126015959,0.12542213012588682
2026-07-24,207.21812923496972,211.6731509810223,204.5810805834776,206.6088104248047,114836800,208.87377746582033,192.50102027893067,51.08719101646978,0.8584399745117253,0.09940287810925717,0.7590370964024681,203.10323333740234,215.49403535354813,190.71243132125656,0.6414588451512023,0.1220148179085041
2026-07-27,207.96729627325774,208.51668459839084,195.22156333884286,196.2903594970703,154353700,208.29328491210939,192.55948348999024,42.46346119230236,-0.009305951813075808,0.07766111212479059,-0.08696706393786639,203.30201110839843,215.10789663242878,191.4961255843681,0.20304423174965483,0.11614135501823024
2026-07-28,194.78204700134697,198.47790843456414,192.52457850774027,196.789794921875,134111500,207.52503295898438,192.60014236450195,42.96530866013885,-0.649216818016896,-0.06771447390354673,-0.5815023441133493,203.40389709472657,214.94508079043547,191.86271339901768,0.2134565072683684,0.11348045795144315
2026-07-29,195.63110696844683,196.84974460884015,189.79762268066406,189.79762268066406,147680800,206.82486236572265,192.58858177185058,37.971791468281374,-1.7009531248199607,-0.39436220408682954,-1.3065909207331312,202.90046081542968,215.81202226603392,189.98889936482544,-0.007407186376843244,0.1272699076060686
2026-07-30,193.23377181769484,197.02952748682713,191.3059363552755,194.82199096679688,129010200,206.2850421142578,192.6490805053711,43.09014330918851,-2.104774662882221,-0.7364446958459079,-1.3683299670363132,202.7736022949219,215.94763667629155,189.59956791355222,0.1982089503512323,0.12993835718525956
2026-07-31,198.2182038580375,201.77422236802423,194.73209918257555,200.52561950683594,139961200,205.8934167480469,192.71235900878906,48.30501648008136,-1.9421827118694068,-0.9775922990506077,-0.9645904128187991,203.06927108764648,215.75369587106073,190.38484630423224,0.39973327035938805,0.12492707257455545
2026-08-03,197.46904862701152,208.50670133078404,196.62999113475112,206.40904235839844,128406900,205.56239013671876,192.84640563964842,53.08105688466788,-1.3233298422974258,-1.0467398076999714,-0.27659003459745435,203.62315139770507,215.86747641138845,191.3788263840217,0.6137625372399071,0.12026456647622023
2026-08-04,211.06382570110384,212.82185300096492,208.8163406042335,211.70310974121094,134922000,205.41626434326173,193.00792030334472,56.93648941293226,-0.40107415790927803,-0.9176066777418328,0.5165325198325548,204.3728126525879,216.6680971542239,192.0775281509519,0.7980938378305799,0.12032211468887175
2026-08-05,216.6176127852948,221.9716224388697,216.15812022814887,218.9749755859375,158187400,205.49898529052734,193.19591796875,61.60368028666197,0.9061533449132639,-0.5528546732108135,1.4590080181240774,205.12696914672853,218.96522696809726,191.2887113253598,1.0003522342901139,0.13492382672967923
2026-08-06,221.28239358061882,223.38005249670454,216.75745800384053,218.7452392578125,113940600,205.58648986816405,193.37573371887208,61.377360336496416,1.9016813583293413,-0.06194746690278258,1.963628825232124,205.93656387329102,220.92463755465627,190.94849019192577,0.9272955837028801,0.14556010258175558
2026-08-07,221.29237770419127,224.50877992471257,220.41337164588714,223.70968627929688,105669400,205.81838043212892,193.5832647705078,64.41933846607597,3.0560061300035954,0.5616432524784931,2.494362877525102,206.58583755493163,223.36524717744305,189.8064279324202,1.0102637431710266,0.1624449170485827
2026-08-10,223.15029107269072,223.88946943306019,216.5277120448001,217.3068389892578,115846600,205.88928924560548,193.76616386413573,58.06704165337432,3.41479690940335,1.1322739838634646,2.2825229255398853,207.28605422973632,224.61866205945216,189.95344640002048,0.7890731982737584,0.1672337089354406
2026-08-11,221.92167541427946,221.9516406634887,215.95834695389817,217.25689697265625,101273100,206.02125732421874,193.9532028198242,58.01898403376044,3.653001753370546,1.636419537764881,2.0165822156056654,207.57073516845702,225.35611492984245,189.7853554070716,0.7723068591773693,0.17136692941759296
2026-08-12,220.7929293559802,224.84840415873398,219.95387191061064,223.8395233154297,108783600,206.0210809326172,194.16377723693847,62.43229957171346,4.3231096242398905,2.173757555059883,2.1493520691800074,208.14958724975585,227.2155687560765,189.0836057434352,0.9114641583091959,0.18319499700418457
2026-08-13,224.80845001468583,226.97602279610956,223.45996804263754,225.04818725585938,98867200,206.07580780029298,194.35994415283204,63.19733638231639,4.895274343112078,2.718060912670322,2.177213430441756,209.0435874938965,229.46990900267812,188.61726598511487,0.8917641205021234,0.19542643478004815
2026-08-14,226.51654155338588,227.23573802273873,224.24907448357243,224.90834045410156,75680900,206.28876953125,194.5293241882324,63.037381484994064,5.276609072081271,3.229770544552512,2.0468385275287595,210.1598388671875,231.4727830520415,188.84689468233347,0.8459986911943178,0.20282604230890125
2026-08-17,225.72741618855906,227.66525027466162,224.60867289832842,224.7584991455078,93678700,206.41562744140626,194.6503690338135,62.85381469654593,5.503290147686926,3.684474465179395,1.8188156825075308,211.24512405395507,233.20081527797637,189.28943282993376,0.8077419643424393,0.2078693302138752
2026-08-18,220.20359791537197,221.39227027986857,218.44557057093272,219.49440002441406,103128200,206.70810028076173,194.71511535644532,56.61626077877816,5.198245588741571,3.98722868989183,1.2110168988497412,211.8669288635254,234.01664737944782,189.717210347603,0.6721798666517054,0.2090908537234729
2026-08-19,221.4222404106533,222.62089613745684,216.51772459764655,217.31683349609375,96797300,206.88630096435546,194.7896742248535,54.21925925978779,4.7263022871520946,4.135043409343883,0.5912588778082117,212.1416213989258,234.41824843777272,189.86499436007887,0.6161578924884634,0.21001656244491893
2026-08-20,218.1159423024499,219.6142657707553,215.41896310784705,216.60763549804688,92457000,207.05930755615233,194.86268211364745,53.42591830591681,4.2461109451833465,4.157256916511776,0.08885402867157044,212.54567031860353,234.8385066820324,190.25283395517465,0.5911047188707435,0.20976984692289585
2026-08-21,218.17587248780362,218.49552214328025,214.26025565862156,214.48001098632812,98869300,207.34498809814454,194.9031544494629,51.01429034201514,3.651778896322213,4.056161312473863,-0.40438241615165005,212.9392303466797,235.07630487851117,190.80215581484822,0.5348009091588164,0.20791917483491223
2026-08-24,215.28910206110334,215.34903256074918,207.01835779182306,208.24697875976562,135187300,207.41710754394532,194.9533137512207,44.654886872832876,2.647296470778457,3.774388344134782,-1.127091873356325,213.53706130981445,234.45563980510218,192.61848281452671,0.37355540073527216,0.19592457034835373
2026-08-25,210.79412790131315,214.48998931653267,209.87515802586688,212.81187438964844,122309000,207.57413177490236,195.04365600585936,49.60928823216898,2.1942914130265194,3.45836895791313,-1.2640775448866104,214.33816528320312,233.80687990124895,194.8694506651573,0.460801446744205,0.18166353707770133
2026-08-26,212.40232405945306,213.3612577394914,208.99613188036045,209.4256591796875,179900000,207.51839416503907,195.15263191223144,46.298387504779946,1.5442413206823744,3.075543430466979,-1.5313021097846047,215.3195671081543,231.43034448570026,199.20878973060834,0.3170818269551255,0.14964526999493333
2026-08-27,222.61090164325523,230.21239627098788,220.6530857022795,227.7251739501953,298909800,207.9293341064453,195.35275634765625,61.3215639947941,2.477134975659169,2.9558617395054174,-0.47872676384624846,216.96472625732423,230.9461655213686,202.98328699327985,0.8848118741445804,0.12888214139898607
2026-08-28,227.10587153371227,229.00374173344596,216.56766062888835,217.3068389892578,195116400,208.1870458984375,195.4464192199707,52.34353651694417,2.348712856883452,2.8344319629810246,-0.4857191060975725,217.8037872314453,229.578298376052,206.02927608683862,0.47889728770543794,0.10812035267407648
2026-08-31,218.62536478578363,221.05265670783686,215.96834944345454,220.53323364257812,124702700,208.38862030029296,195.58559364318847,54.56218745213831,2.478707489937932,2.7632870683724065,-0.28457957843447446,218.5099967956543,229.10084748377315,207.91914610753545,0.5955181461104703,0.0969369900089576
2026-09-01,216.50774446342592,220.1636574397174,214.8595947199138,217.1969757080078,109756200,208.56422424316406,195.70489448547363,51.87291598423832,2.286167524018424,2.66786315950161,-0.38169563548318575,218.78469009399413,228.93074130943486,208.6386388785534,0.4217570288049572,0.09274918835574643
2026-09-02,218.5454508199983,227.6952163087265,218.23579974693772,224.1591796875,157104700,209.05107971191407,195.89362335205078,56.67224839120211,2.664653423453899,2.667221212292068,-0.002567788838168994,219.04390029907228,229.457515497894,208.63028510025055,0.7456053585025161,0.09508244862882252
2026-09-03,225.76737972053164,230.14247379152744,224.49879494304554,228.1946563720703,134681600,209.63942138671874,196.08601928710937,59.21125817120756,3.252739907268449,2.7843249512873443,0.4684149559811046,219.51637115478516,230.6644604228672,208.36828188670313,0.8892274724661494,0.10156954772381238
2026-09-04,230.83170360414334,234.49759976142684,229.37334400327853,230.10252380371094,135352400,210.33104736328124,196.30576179504394,60.39296194318467,3.828617717826461,2.9931835045951676,0.8354342132312933,219.83601303100585,231.78455929603615,207.88746676597555,0.9296133832929948,0.10870417544685974
2026-09-08,232.84944771666764,233.44878317831424,224.59868561283858,225.47769165039062,122965600,210.99430511474608,196.52851760864257,56.14653427232288,3.8672405860292542,3.167994920881985,0.6992456651472692,220.2445556640625,232.37659971185852,208.11251161626646,0.7156741257166312,0.11016884400358075
2026-09-09,225.0281992525124,225.92718720955042,223.21024142511232,223.4199981689453,82955500,211.56766357421876,196.71524658203126,54.31658419734936,3.6892830616166634,3.272252549028921,0.4170305125877425,220.55271072387694,232.67863834790643,208.42678309984746,0.6182296123632792,0.10995945218021516
2026-09-10,220.52999877929688,220.99000549316406,217.1999969482422,218.36000061035156,105768000,211.93753662109376,196.90600532531738,50.000911338892585,3.1041680100481415,3.238635641232765,-0.13446763118462357,220.27873458862305,232.34268241586602,208.21478676138008,0.42047653033037086,0.10953347675410197
2026-09-11,221.24000549316406,222.0,218.14999389648438,218.2899932861328,89060100,212.35615325927733,197.1051929473877,49.9417881284979,2.6047847727271574,3.111865467531644,-0.5070806948044866,219.94082489013672,231.82878468001496,208.0528651002585,0.43056707655549614,0.10810143861028462
2026-09-14,211.24000549316406,212.77000427246094,208.92999267578125,210.9600067138672,132267200,212.6831085205078,197.2494245147705,44.06645392012743,1.599117669087235,2.8093159078427625,-1.2101982387555275,219.243408203125,231.5142600346757,206.9725563715743,0.16247650925261697,0.11193815980256945
2026-09-15,213.3800048828125,213.94000244140625,211.16000366210938,212.1699981689453,88059700,213.01987976074219,197.42329948425294,45.212271782433184,0.8895018188446784,2.4253530900431457,-1.5358512711984673,218.61398315429688,230.97976179477396,206.2482045138198,0.23944281340042875,0.11312889012913115
2026-09-16,214.13999938964844,216.75999450683594,212.5,213.89999389648438,96563600,213.36368194580078,197.59365364074708,46.887550144862516,0.4614035689273237,2.0325631858199813,-1.5711596168926576,218.3342628479004,230.8597895736535,205.80873612214728,0.3229907193324279,0.1147371609235592
2026-09-17,218.3800048828125,219.91000366210938,217.14999389648438,219.33999633789062,94191300,213.6726449584961,197.80746879577637,51.87119943542648,0.554701105555182,1.7369907697670215,-1.1822896642118395,218.43542098999023,230.95912472938397,205.9117172505965,0.5361145299634891,0.11466733447015111
2026-09-18,219.35000610351562,222.72999572753906,218.02999877929688,222.27000427246094,190287400,214.06697814941407,198.02136894226075,54.355444880572826,0.855208912730177,1.5606343983596527,-0.7054254856294757,218.71853942871093,231.3199352632944,206.11714359412744,0.6409155338967811,0.11522933417073938
2026-09-21,222.94000244140625,228.5,221.55999755859375,227.3800048828125,109806100,214.40009399414063,198.2531374359131,58.38939338326986,1.4885389082060954,1.5462153003289412,-0.05767639212284581,219.36353912353516,232.34592144134203,206.3811568057283,0.8087440179712552,0.11836408520465931
2026-09-22,226.85000610351562,229.97999572753906,226.5,228.8699951171875,95746700,214.9114437866211,198.50168357849122,59.512974409499726,2.0866338360851273,1.6542990074801787,0.43233482860494865,220.39468994140626,232.95049022878337,207.83888965402915,0.8375055743878722,0.11393922685446889
2026-09-23,228.02999877929688,228.9499969482422,224.02000427246094,225.50999450683594,89547300,215.19037811279296,198.71447410583497,55.850551965491036,2.263413188599543,1.7761218437040518,0.4872913448954912,221.02959594726562,233.2676165442583,208.79157535027295,0.6830524194685257,0.11073648797613944
2026-09-24,222.0800018310547,224.94000244140625,221.08999633789062,224.5800018310547,77469900,215.436728515625,198.92745330810547,54.84451295877482,2.301934197902085,1.8812843145436586,0.42064988335842646,221.78731307983398,232.88070813307186,210.6939180265961,0.6258716893168603,0.10003633570550301
2026-09-25,225.1300048828125,226.94000244140625,223.1300048828125,225.07000732421875,89947700,215.79476501464845,199.12721923828124,55.30137764696413,2.344970364782938,1.9740215245915145,0.3709488401914236,221.65455474853516,232.52177576710085,210.78733372996948,0.6571447092982,0.09805547222699247
2026-09-28,229.75,233.2100067138672,228.0399932861328,228.86000061035156,142344300,216.32029876708984,199.3488282775879,58.77557026492477,2.6543004971043445,2.1100773190940805,0.544223178010264,222.23221282958986,233.3391881505646,211.1252375086151,0.7983615065861175,0.09995828399091457
2026-09-29,230.97000122070312,232.82000732421875,227.02999877929688,227.2100067138672,101494900,216.80344299316405,199.56812355041504,56.70904522954247,2.7347812814303154,2.2350181115613275,0.49976316986898794,222.5660514831543,233.84867033382795,211.28343263248064,0.705801298979253,0.1013867009410249
2026-09-30,229.27000427246094,232.3699951171875,228.1699981689453,228.3800048828125,121732200,217.22987701416017,199.80748558044434,57.840981151243305,2.860003615602352,2.3600152123695324,0.4999884032328197,223.12520294189454,234.39648958562586,211.85391629816323,0.7331056829186617,0.10103104889201192
2026-10-01,229.97999572753906,232.2899932861328,228.16000366210938,230.86000061035156,98591400,217.61061737060547,200.08872848510742,60.21556911434639,3.1233540651921032,2.512682982934047,0.6106710822580563,223.46024398803712,235.22223744182958,211.69825053424466,0.8145621807810357,0.10527146345031406
2026-10-02,236.05999755859375,237.8800048828125,233.60000610351562,233.9499969482422,135167800,218.11908416748048,200.37908630371095,63.011079674377314,3.5405844208540316,2.718263270518044,0.8223211503359877,223.7480110168457,236.21947050899766,211.27655152469376,0.9090133130695887,0.11147772385080992
2026-10-05,236.08999633789062,240.10000610351562,235.14999389648438,238.89999389648438,127171500,218.76490783691406,200.68706077575683,67.01015769108123,4.221997311664296,3.019010078747294,1.202987232917002,224.18788452148436,238.06606514969855,210.30970389327018,1.03004459911303,0.12380848017578049
2026-10-06,242.10000610351562,243.3699951171875,238.92999267578125,239.24000549316406,100868800,219.62390075683595,201.0305561065674,67.27190512291186,4.734877312898476,3.3621835255775308,1.3726937873209453,224.87600021362306,240.2282128681406,209.52378755910553,0.9678154739901373,0.13653936071375827
